imo,ofac_name,ofac_date,programs,found,owner,commercial_manager,ism_manager,former_names,former_flags,build_year,builder,pi_club,visited_ports
9105085,JASMINE,20190904,SDGT,0,,,,,,,,,
9226968,SARAK,20190904,SDGT,0,,,,,,,,,
9221970,SOBAR,20190904,SDGT,0,,,,,,,,,
9155808,SOLAN,20190904,SDGT,0,,,,,,,,,
9404558,TRADOS COMERCIO,20230427,IRAN,0,,,,,,,,,
9404560,IMICO NEKA 457,20230427,IRAN,0,,,,,,,,,
9286140,"IRAN FAHIM Chemical/Products Tanker 34,900DWT 26,561GRT Iran flag; Additional Sa",20230427,IRAN,0,,,,,,,,,
9286152,"IRAN FALAGH Chemical/Products Tanker 34,900DWT 25,000GRT Iran flag; Additional S",20230427,IRAN,0,,,,,,,,,
9079080,NYOS,20230427,IRAN,0,,,,,,,,,
9079092,NAINITAL,20230427,IRAN,0,,,,,,,,,
9356608,SANCHI,20230427,IRAN,0,,,,,,,,,
9575424,YANGZHOU DAYANG DY905,20230427,IRAN,0,,,,,,,,,
9013749,AURA,20230427,IRAN,0,,,,,,,,,
9005235,BRIGHT,20230427,IRAN,0,,,,,,,,,
9107655,ATLANTIC,20230427,IRAN,0,,,,,,,,,
9077850,BICAS,20230427,IRAN,0,,,,,,,,,
9011246,CARIBO,20230427,IRAN,0,,,,,,,,,
9357406,MORENO LOPEZ,20230427,IRAN,0,,,,,,,,,
9187667,ARGO I,20230427,IRAN,0,,,,,,,,,
9357729,DAN,20230427,IRAN,0,,,,,,,,,
9218492,DEEP SEA,20230427,IRAN,0,,,,,,,,,
9569700,DERYA Crude Oil Tanker Panama flag; Additional Sanctions Information - Subject t,20230427,IRAN,0,,,,,,,,,
9218478,DIAMOND II,20230427,IRAN,0,,,,,,,,,
9569671,DINO I,20230427,IRAN,0,,,,,,,,,
9569695,DIONA Crude Oil Tanker Panama flag; Additional Sanctions Information - Subject t,20230427,IRAN,0,,,,,,,,,
9357717,DORE,20230427,IRAN,0,,,,,,,,,
9569669,DORENA,20230427,IRAN,0,,,,,,,,,
9218466,DOVER,20230427,IRAN,0,,,,,,,,,
9218480,DOWNY,20230427,IRAN,0,,,,,,,,,
9356593,DREAM II,20230427,IRAN,0,,,,,,,,,
9569712,DUNE Crude Oil Tanker Panama flag; Additional Sanctions Information - Subject to,20230427,IRAN,0,,,,,,,,,
9183934,FELICITY,20230427,IRAN,0,,,,,,,,,
9283760,FOREST,20230427,IRAN,0,,,,,,,,,
9283746,FORTUNE,20230427,IRAN,0,,,,,,,,,
9212890,HALTI,20230427,IRAN,0,,,,,,,,,
9212917,HASNA,20230427,IRAN,0,,,,,,,,,
9212888,HEDY,20230427,IRAN,0,,,,,,,,,
9357391,HELM,20230427,IRAN,0,,,,,,,,,
9212929,HENNA,20230427,IRAN,0,,,,,,,,,
9362059,HERBY,20230427,IRAN,0,,,,,,,,,
9362073,HERO II,20230427,IRAN,0,,,,,,,,,
9357389,HILDA I,20230427,IRAN,0,,,,,,,,,
9357183,HUGE,20230427,IRAN,0,,,,,,,,,
9180281,HUMANITY,20230427,IRAN,0,,,,,,,,,
9079078,NAVARZ,20230427,IRAN,0,,,,,,,,,
9357377,SALINA,20230427,IRAN,0,,,,,,,,,
9231767,CLARA,20230919,SDGT,1,Global Shipping Holding Ltd c/o Oceanpack Ship Management Pvt (6480611 / India / 09.11.2024),Oceanpack Ship Management Pvt (0047958 / India / 10.11.2024),Oceanpack Ship Management Pvt (0047958 / India / 10.11.2024),Unicorn / Heydar Aliyev / Supreme / Clara / Lara I / Mission / Camelia,Malta|/ |Palau|/ |Liberia,2002,Hyundai Heavy Industries Co. Ltd.,Sanctions,"Khor Fakkan |(UAE)|, Port Said |(Egypt)|, Ust-Luga |(russia)|, Vadinar Terminal |(India)|, Duqm |(Oman)|, Maday |(Myanmar)|, Xiangshan |(PRC)|, Jamnagar Terminal |(India)"
9236353,JULIA A,20230919,SDGT,1,Crestwave Maritime Ltd (6470941 / Antigua and Barbuda / 07.02.2024),Crestwave Maritime Ltd (6470941 / Antigua and Barbuda / 07.02.2024),Crestwave Maritime Ltd (6470941 / Antigua and Barbuda / 07.02.2024),Aegean Eagle / Arlene / Iskmati Spirit / Icaria / Azul / Julia A,Greece|/ |Marshall Islands|/ |Bahamas|/ |Cyprus|/ |Djibouti|/ |Palau|/ |Liberia|/ |Antigua and Barbuda,2003,Hyundai Samho Heavy Industries Co. Ltd.,"Sanctions |UK |,  |EU |,  |Switzerland |,  |Canada |,  |Australia |,  |New Zealand |,  |Ukraine ","Algeciras Bay |(Spain)|, Aliaga |(Turkey)|, Jurong Island |(Singapore)|, Kalamata |(Greece)|, Marsaxlokk |(Malta)|, Mundra |(India)|, Nemrut Bay |(Turkey)|, Novorossiysk |(russia)|, Ras Sudr |(Egypt)|, Port Said |(Egypt)|, Mumbai |(India)|, Ust-Luga |(russia)|, Sadat |(Egypt)|, Jeddah |(Saudi Arabia)|, Belokamenka |(russia)|, Primorsk |(russia)|, Tanjong Pagar |(Singapore)|, Adabiya |(Egypt)|, Vene-Balti |(Estonia)|, Vadinar Terminal |(India)|, Skaw |(Denmark)|, Icdas |(Turkey)|, Pulau Ayer Chawan |(Singapore)|, Peetri |(Estonia)|, Kithira |(Greece)"
6431603,KOHANA COMPANY LIMITED,20240227,SDGT,0,,,,,,,,,
9282522,BAXTER,20240404,SDGT,1,Rptd Sold Undisclosed Interest (18.08.2025),Rptd Sold Undisclosed Interest (18.08.2025),Unknown (10.10.2025),High Power / Jal Sunayna / Brizo / Baxter,Panama|/ |Belize,2004,Taguma Shipyard,"Sanctions |USA |,  |Ukraine ","Khor Fakkan |(UAE)|, Marsaxlokk |(Malta)|, Mersin |(Turkey)|, Soroosh Terminal |(Iran)|, Tuapse |(russia)|, Port Said |(Egypt)|, Marport West (Soyak) Terminal |(Turkey)|, Zeytinburnu |(Turkey)|, Suez |(Egypt)|, Akcansa Canakkale |(Turkey)|, El dekheila |(Egypt)|, Sohar |(Oman)|, Icdas |(Turkey)|, Bandar Taheri |(Iran)|, Bandar Shahid Bahonar |(Iran)"
9248497,BOREAS,20240404,SDGT,0,,,,,,,,,
9131101,CALYPSO GAS,20240404,SDGT,0,,,,,,,,,
9002491,CAPE GAS,20240404,SDGT,0,,,,,,,,,
9258674,DEMETER,20240404,SDGT,0,,,,,,,,,
9256468,ELSA,20240404,SDGT,0,,,,,,,,,
9337389,GLAUCUS,20240404,SDGT,1,Irtysh Shipping Inc c/o Oceanlink Maritime DMCC (6111893 / United Arab Emirates / 04.06.2021),Oceanlink Maritime DMCC (6450979 / United Arab Emirates / 01.10.2023),Lazar Shipping LLC-FZ (6381455 / United Arab Emirates / 08.02.2024),Stavanger Blossom / Glaucus,Norway|/ |Panama|/ |Comoros,2007,Sumitomo Heavy Industries,"Sanctions |USA |,  |EU |,  |Switzerland |,  |Canada |,  |UK |,  |Ukraine ","Al Basrah |(Iraq)|, Khor Fakkan |(UAE)|, Nakhodka |(russia)|, Tanjung Pelepas |(Malaysia)|, Tekirdag |(Turkey)|, Tuapse |(russia)|, Port Said |(Egypt)|, Zeytinburnu |(Turkey)|, Ust-Luga |(russia)|, Al Basra Oil Terminal |(Iraq)|, Suez |(Egypt)|, Sadat |(Egypt)|, Nianyuwan |(PRC)|, Bedi Bunder |(India)|, Adabiya |(Egypt)|, New Mangalore |(India)|, Kochin |(India)|, Laizhou |(PRC)|, Jamnagar- Sikka |(India)|, Shidao |(PRC)|, Pengerang |(Malaysia)"
9259185,HEBE,20240404,SDGT,1,Loire Shipping Inc c/o Oceanlink Maritime DMCC (6137379 / United Arab Emirates / 13.01.2020),Oceanlink Maritime DMCC (6450979 / United Arab Emirates / 01.10.2023),Global Ship Management Ltd (6069318 / Hong Kong / 14.01.2020),Seanostrum / Hebe / Daksha,Cayman Islands|/ |Hong Kong|/ |Panama|/ |Comoros,2002,Imabari Shipbuilding Co. Ltd,"Sanctions |USA |,  |EU |,  |Switzerland |,  |UK |,  |Canada |,  |Ukraine |,  |Australia ","Kavkaz |(russia)|, Longkou |(PRC)|, Samsun |(Turkey)|, Tanjung Pelepas |(Malaysia)|, Tuapse |(russia)|, Port Said |(Egypt)|, Ust-Luga |(russia)|, TamanNefteGaz CJSC |(russia)|, Al Basra Oil Terminal |(Iraq)|, Suez |(Egypt)|, Assaluyeh |(Iran)|, Kozmino |(russia)|, Khor al Fakkan |(UAE)|, Tanjong Pagar |(Singapore)|, Qianwan |(PRC)|, Sikka |(India)|, Sohar |(Oman)|, Qingdao |(PRC)|, St. Petersburg |(russia)"
9233753,HECATE,20240404,SDGT,0,,,,,,,,,
9194139,MERAKI,20240404,SDGT,0,,,,,,,,,
9397080,OCEANUS GAS,20240404,SDGT,0,,,,,,,,,
6233526,SEA ROUTE SHIP MANAGEMENT FZE,20240627,IRAN-EO13846,0,,,,,,,,,
9417490,SEA ROUTE SHIP MANAGEMENT FZE,20240627,IRAN-EO13846,0,,,,,,,,,
9162928,ASTRA,20240627,IRAN-EO13846,0,,,,,,,,,
9263382,BALTIC HORIZON,20240627,IRAN-EO13846,0,,,,,,,,,
9216559,BERENICE PRIDE,20240627,IRAN-EO13846,0,,,,,,,,,
9281554,EURO FORTUNE,20240627,IRAN-EO13846,0,,,,,,,,,
9309239,EURO VIKING,20240627,IRAN-EO13846,0,,,,,,,,,
8400945,HARMONY,20240627,IRAN-EO13846,0,,,,,,,,,
9411288,NILE,20240627,IRAN-EO13846,0,,,,,,,,,
9257503,PARINE,20240627,IRAN-EO13846,0,,,,,,,,,
9229362,ROAD,20240627,IRAN-EO13846,0,,,,,,,,,
6215065,STRONG ROOTS PROVIDER NV,20241011,IRAN-EO13846,0,,,,,,,,,
9354521,STRONG ROOTS PROVIDER NV,20241011,IRAN-EO13846,1,Anhona Navigation SA c/o Harry Victor Ship Management & Operation LLC (6082772 / United Arab Emirates / 07.02.2019),Harry Victor Ship Management & Operation LLC (6142171 / United Arab Emirates / 08.02.2021),Harry Victor Ship Management & Operation LLC (6142171 / United Arab Emirates / 08.02.2021),Aramis / Orient Sunshine,Singapore|/ |Liberia|/ |Panama,2008,Shin Kurushima,"Sanctions |USA |,  |Ukraine ","Vysotsk |(russia)|, Limassol |(Cyprus)|, Mersin |(Turkey)|, Novorossiysk |(russia)|, Port Said |(Egypt)|, TamanNefteGaz CJSC |(russia)|, Suez |(Egypt)|, Beirut |(Lebanon)|, Primorsk |(russia)|, Darica |(Turkey)|, Fujairah |(UAE)|, Syros Island |(Greece)|, Yalova |(Turkey)|, Altinova- Shipyard |(Turkey)|, Zhelezny Rog |(russia)|, Hodeidah |(People's Democratic Republic of Yemen)|, Icdas |(Turkey)|, Misurata |(Libya)|, Al Hamriyah |(UAE)"
9280873,AVENTUS I,20241011,IRAN-EO13846,1,Summit Streamline Inc (0055198 / Panama / 04.10.2024),Summit Streamline Inc (0055198 / Panama / 04.10.2024),Unknown (26.11.2021),Astro Perseus / Aventus I,Greece|/ |Panama,2004,Hyundai Heavy Industries Co. Ltd.,Sanctions |USA ,"Tianjin |(PRC)|, Meishan |(PRC)|, Aoshan Oil Terminal |(PRC)|, Dongjiakou |(PRC)|, Tanjong Pagar |(Singapore)|, Qianwan |(PRC)|, Tanjung pengelih |(Malaysia)|, Pengerang |(Malaysia)|, Batu Ampar |(Indonesia)"
9289491,BENDIGO,20241011,IRAN-EO13846,1,Villeta Services Inc c/o Max Maritime Solutions FZE (6487547 / United Arab Emirates / 24.05.2024),Max Maritime Solutions FZE (6340553 / United Arab Emirates / 02.02.2023),Max Maritime Solutions FZE (6340553 / United Arab Emirates / 16.06.2024),Aquarius Voyager / Maran Aquarius / Leonor,Bahamas|/ |Greece|/ |Panama|/ |Cook Islands|/ |Barbados,2005,Daewoo Shipbuilding & Marine Engineering Co. Ltd.,Sanctions |USA ,"Corpus Christi |(USA)|, Lanshan |(PRC)|, Ningbo |(PRC)|, Zhanjiang |(PRC)|, Zhoushan |(PRC)|, Zirku Island |(UAE)|, Meishan |(PRC)|, Dongjiakou |(PRC)|, Tanjong Pagar |(Singapore)|, Qianwan |(PRC)|, Tanjung pengelih |(Malaysia)|, Qingdao |(PRC)|, Dagang |(PRC)"
9262168,BERG 1,20241011,IRAN-EO13846,1,Strong Roots Provider NV (6215065 / Suriname / 01.04.2021),Strong Roots Provider NV (6215065 / Suriname / 01.04.2021),Everoon Ship Services Opc Pvt (6227611 / India / 06.03.2022),Fujikawa / Folegandros I,Liberia|/ |Panama,2004,Universal Shipbuilding Corp,Sanctions |USA ,"Ningbo |(PRC)|, Pulau Sebarok |(Singapore)|, Yingkou |(PRC)|, Zhoushan |(PRC)|, Dongjiakou |(PRC)|, Tanjong Pagar |(Singapore)|, Qianwan |(PRC)|, Tanjung pengelih |(Malaysia)|, Qingdao |(PRC)"
9240512,CARINA,20241011,IRAN-EO13846,1,Lindor Vella Co Ltd c/o Derecttor Co Ltd (6382864 / Hong Kong / 07.06.2024),Derecttor Co Ltd (6207391 / Hong Kong / 07.06.2024),Derecttor Co Ltd (6207391 / Hong Kong / 29.04.2021),Astro Carina / Maran Carina / Carina V,Greece|/ |Panama|/ |Barbados,2003,Daewoo Shipbuilding & Marine Engineering Co. Ltd.,Sanctions |USA ,"Lanshan |(PRC)|, Meishan |(PRC)|, Aoshan Oil Terminal |(PRC)|, Dongjiakou |(PRC)|, Tanjong Pagar |(Singapore)|, Fujairah |(UAE)|, Tanjung pengelih |(Malaysia)|, Batu Ampar |(Indonesia)"
9304655,CARNATIC,20241011,IRAN-EO13846,1,Ayolas Services Inc c/o Max Maritime Solutions FZE (6487502 / United Arab Emirates / 05.04.2024),Max Maritime Solutions FZE (6340553 / United Arab Emirates / 19.09.2022),Max Maritime Solutions FZE (6340553 / United Arab Emirates / 19.04.2023),Toba / Kioni / Annick / Carnatic,Panama|/ |Cook Islands|/ |Barbados,2004,Saijo Dockyard,Sanctions |USA ,"Lanshan |(PRC)|, Ningbo |(PRC)|, Yantai |(PRC)|, Zhanjiang |(PRC)|, Zhoushan |(PRC)|, Aoshan Oil Terminal |(PRC)|, Dongjiakou |(PRC)|, Tanjong Pagar |(Singapore)|, Qianwan |(PRC)|, Tanjung pengelih |(Malaysia)|, Changxindao |(PRC)|, Qingdao |(PRC)|, Xiahai |(PRC)|, Dagang |(PRC)|, Wafangdian |(PRC)|, Panyu Oil Terminal |(PRC)"
9070072,CAROL,20241011,IRAN-EO13846,1,Coral Shipping Line Inc (6141504 / Marshall Islands / 24.01.2020),Alya Marine Sdn Bhd (6219142 / Malaysia / 31.08.2022),Alya Marine Sdn Bhd (6219142 / Malaysia / 31.08.2022),Coral Pavona / Coral / Carol,Netherlands|/ |Liberia|/ |Saint Kitts and Nevis,1995,Cantiere Navale Di Pesaro,Sanctions |USA ,"Khawr Al Zubair Lng Terminal |(Iraq)|, Saleef |(People's Democratic Republic of Yemen)|, Al Basra Oil Terminal |(Iraq)|, Khor al Fakkan |(UAE)|, Sharjah |(UAE)|, Massawa (Mitsiwa) |(Eritrea)|, Doraleh |(Djibouti)"
9251810,CROSS OCEAN,20241011,IRAN-EO13846,1,Simona Marine Services Ltd (0122622 / British Virgin Islands / 11.11.2025),Simona Marine Services Ltd (0122622 / British Virgin Islands / 11.11.2025),Coraline Ship Management Pvt Ltd (0222321 / India / 19.01.2026),British Laurel / Afra Laurel / Cross Ocean,Isle of Man|/ |Liberia|/ |Panama,2002,Tsuneishi Tadotsu Factory,"Sanctions |USA |,  |EU |,  |Switzerland |,  |Ukraine |,  |UK |,  |Canada ","Lanshan |(PRC)|, Lianyungang |(PRC)|, Tuapse |(russia)|, Port Said |(Egypt)|, Marport West (Soyak) Terminal |(Turkey)|, TamanNefteGaz CJSC |(russia)|, Suez |(Egypt)|, Chennai |(India)|, Jeddah |(Saudi Arabia)|, Kozmino |(russia)|, Khor al Fakkan |(UAE)|, Tanjong Pagar |(Singapore)|, Dongying |(PRC)|, Martas |(Turkey)|, Nansha |(PRC)|, Akcansa |(Turkey)"
9292228,CRYSTAL ROSE,20241011,IRAN-EO13846,1,Quinn Ltd c/o Derecttor Co Ltd (6300439 / Hong Kong / 08.04.2022),Derecttor Co Ltd (6207391 / Hong Kong / 08.04.2022),Unknown (14.10.2024),MT. Pertamina 2 / Sea Energy / Front Energy,Liberia|/ |Cyprus|/ |Marshall Islands,2004,Hyundai Heavy Industries Co. Ltd.,Sanctions |USA ,"Lanshan |(PRC)|, Ningbo |(PRC)|, Tanjung Pelepas |(Malaysia)|, Yantai |(PRC)|, Yingkou |(PRC)|, Zhoushan |(PRC)|, Meishan |(PRC)|, Aoshan Oil Terminal |(PRC)|, Tanjong Pagar |(Singapore)|, Lome |(Togo)|, Tanjung pengelih |(Malaysia)|, Bonny |(Nigeria)|, Qingdao |(PRC)|, Sungai Linggi |(Malaysia)|, Xianren Dao |(PRC)"
9259367,DAVINA,20241011,IRAN-EO13846,1,Davina Shipping Inc (6506091 / Marshall Islands / 12.06.2024),Davina Shipping Inc (6506091 / Marshall Islands / 12.06.2024),Gothika Marine LLC (6480350 / United Arab Emirates / 12.06.2024),Eneos Tokyo / Jessica D / Solana,Japan|/ |Panama|/ |Palau,2004,Jmu Kure Shipyard,Sanctions |USA ,"Soroosh Terminal |(Iran)|, Yantai |(PRC)|, Yingkou |(PRC)|, Al Basra Oil Terminal |(Iraq)|, Nianyuwan |(PRC)|, Dongjiakou |(PRC)|, Khor al Fakkan |(UAE)|, Tanjong Pagar |(Singapore)|, Fujairah |(UAE)|, Tanjung pengelih |(Malaysia)|, Sohar |(Oman)|, Changxindao |(PRC)|, Batu Ampar |(Indonesia)|, Wafangdian |(PRC)"
9208215,DIMITRA II,20241011,IRAN-EO13846,1,Hunan Shipping Inc c/o Ad Astra Shipping Ltd (0036057 / Hong Kong / 28.08.2024),Ad Astra Shipping Ltd (6501569 / Hong Kong / 28.08.2024),Ad Astra Shipping Ltd (6501569 / Hong Kong / 29.09.2024),Sanko Unity / Saga Unity / Chryssi / Arcadia V / Dimitra IІ,Marshall Islands|/ |Greece|/ |Malta|/ |Liberia|/ |Panama|/ |Cook Islands|/ |San Marino,2000,Kawasaki Sakaide Works,Sanctions |USA ,"Kharg Island Oil Terminal |(Iran)|, Lanshan |(PRC)|, Ningbo |(PRC)|, Port Dickson |(Malaysia)|, Shekou |(PRC)|, Tanjung Pelepas |(Malaysia)|, Nianyuwan |(PRC)|, Dongjiakou |(PRC)|, Tanjung pengelih |(Malaysia)|, Sohar |(Oman)|, Changxindao |(PRC)|, Dalian |(PRC)|, Pengerang |(Malaysia)|, Wafangdian |(PRC)"
9221671,ELZA,20241011,IRAN-EO13846,1,Elza Shipping SA (6243757 / Liberia / 28.07.2021),Tightship Shipping Management (OPC) Pvt Ltd (6344264 / India / 01.01.2024),Tightship Shipping Management (OPC) Pvt Ltd (6344264 / India / 30.08.2023),Alam Bayu / Neches / Torm Neches / Majnoon,Marshall Islands|/ |Singapore|/ |Liberia,2000,Onomichi Dockyard,Sanctions |USA ,"Karachi |(Pakistan)|, Sharjah |(UAE)|, Rashid |(UAE)|, Jebel Ali |(UAE)"
9379703,GOODWIN,20241011,IRAN-EO13846,1,Iquitos Ltd c/o Harry Victor Ship Management & Operation LLC (6488704 / United Arab Emirates / 20.03.2024),Harry Victor Ship Management & Operation LLC (6142171 / United Arab Emirates / 20.03.2024),Harry Victor Ship Management & Operation LLC (6142171 / United Arab Emirates / 08.04.2024),Chang Jiang Zhi Hui / New Talisman / Yong Ding / Pandora / Goodwin / Goodwin,People's Republic of China|/ |Hong Kong|/ |Panama|/ |Cook Islands|/ |Barbados|/ |Barbados,2009,Bohai Shipbuilding Heavy Industry Co. Ltd,Sanctions |USA ,"Huizhou |(PRC)|, Lanshan |(PRC)|, Port Dickson |(Malaysia)|, Dongjiakou |(PRC)|, Qianwan |(PRC)|, Tanjung pengelih |(Malaysia)|, Telok Ramunia |(Malaysia)|, Changxindao |(PRC)|, Qingdao |(PRC)|, Pengerang |(Malaysia)"
9197844,HORNET Crude Oil Tanker Eswatini flag; Vessel Registration Identification IMO 91,20241011,IRAN-EO13846,1,Engen Management NV (6207811 / Suriname / 23.02.2021),Engen Management NV (6207811 / Suriname / 23.02.2021),Gabbaro Ship Services Pvt Ltd (6221903 / India / 11.06.2021),Ryuohsan / Kassos Warrior / New Kassos,Build year|2000,2000,Jmu,Sanctions |USA ,"Lanshan |(PRC)|, Soroosh Terminal |(Iran)|, Dongjiakou |(PRC)|, Duqm |(Oman)|, Nansha |(PRC)|, Rongcheng |(PRC)|, Pengerang |(Malaysia)"
9174220,LUNA PRIME,20241011,IRAN-EO13846,1,Cathay Harvest Marine Ltd (6350550 / Hong Kong / 23.09.2022),Cathay Harvest Marine Ltd (6350550 / Hong Kong / 23.09.2022),Runfeng Shipmanagement Co Ltd (6236874 / Marshall Islands / 23.07.2023),Chang-Lin Tien / Regulus Voyager / Maran Regulus / Regulus / Niki / Viki / Selene / Luna Prime,Greece|/ |Marshall Islands|/ |Cyprus|/ |Comoros|/ |Palau|/ |Panama,2000,Samsung Shipbuilding & Heavy Industries Co. Ltd.,Sanctions |USA ,"Lanshan |(PRC)|, Yantai |(PRC)|, Zhoushan |(PRC)|, Al Basra Oil Terminal |(Iraq)|, Nianyuwan |(PRC)|, Dongjiakou |(PRC)|, Tanjong Pagar |(Singapore)|, Tanjung pengelih |(Malaysia)|, Qingdao |(PRC)|, Dalian |(PRC)|, Pengerang |(Malaysia)"
9224295,OCTANS,20241011,IRAN-EO13846,1,Celia Armas Ltd (6420688 / Hong Kong / 01.08.2023),Celia Armas Ltd (6420688 / Hong Kong / 01.08.2023),Huming Owe Co Ltd (0023232 / Hong Kong / 14.08.2024),Antonis / Alter Ego / Alter Ego I / Tian Ying Zuo / Judy II,Greece|/ |Marshall Islands|/ |Liberia|/ |Panama|/ |Honduras|/ |Sao Tome and Principe,2001,Samsung Shipbuilding & Heavy Industries Co. Ltd.,Sanctions |USA ,"Busan |(Republic of Korea)|, Tanjong Pagar |(Singapore)|, Tanjung pengelih |(Malaysia)|, Lamma Island |(Hong Kong)|, Sungai Linggi |(Malaysia)|, Gamcheon |(Republic of Korea)|, Okono Terminal |(Nigeria)"
9297319,SALVIA,20241011,IRAN-EO13846,1,Lambare Services Inc (6487516 / Liberia / 03.06.2024),Lambare Services Inc (6487516 / Liberia / 03.06.2024),Max Maritime Solutions FZE (6340553 / United Arab Emirates / 21.01.2023),Birdie / Yannis,Malta|/ |Greece|/ |Panama|/ |Cook Islands|/ |San Marino,2005,Samsung Shipbuilding & Heavy Industries Co. Ltd.,Sanctions |USA ,"Lanshan |(PRC)|, Ningbo |(PRC)|, Tianjin |(PRC)|, Ulsan |(Republic of Korea)|, Yantai |(PRC)|, Meishan |(PRC)|, Aoshan Oil Terminal |(PRC)|, Dongjiakou |(PRC)|, Tanjong Pagar |(Singapore)|, Tanjung pengelih |(Malaysia)|, Qingdao |(PRC)|, Dagang |(PRC)"
9308778,SATINA,20241011,IRAN-EO13846,1,Amelie Ltd (6175903 / Malaysia / 01.09.2020),Espoir Shipping Ltd (0094544 / Hong Kong / 15.08.2025),Unknown (15.08.2025),Shimanami Sunshine / Adventurous / Amelia / Satina,Marshall Islands|/ |Comoros|/ |Malaysia|/ |Palau|/ |Panama,2004,Koyo Dockyard Co. Ltd,Sanctions |USA ,"Al-Basra Oil Terminal |(Iraq)|, Khor Al Amaya Oil Terminal |(Iraq)|, Khor Al Zubair |(Iraq)|, Lanshan |(PRC)|, Novorossiysk |(russia)|, Port Dickson |(Malaysia)|, Port Klang |(Malaysia)|, Sekupang |(Indonesia)|, Tianjin |(PRC)|, Fujairah |(UAE)|, Dongying |(PRC)|, Vadinar |(India)|, Bandar Imam Khomeini |(Iran)|, Pasir Gudang, Johor |(Malaysia)"
9242118,SHANAYE QUEEN,20241011,IRAN-EO13846,1,Shanaye Shipping Pvt Ltd (6234321 / India / 19.05.2021),Alya Marine Sdn Bhd (6219142 / Malaysia / 19.05.2021),Alya Marine Sdn Bhd (6219142 / Malaysia / 19.05.2021),Sinova / Hs Medea / Celestial / Shanaye Queen / Shanaye Queen,Malta|/ |Liberia|/ |Germany|/ |Marshall Islands|/ |Panama|/ |Malaysia,2003,Hyundai Samho Heavy Industries Co. Ltd.,"Sanctions |USA |,  |Ukraine ","Jiang Yin |(PRC)|, Lanshan |(PRC)|, Port Dickson |(Malaysia)|, Port Klang |(Malaysia)|, Sekupang |(Indonesia)|, Shanghai |(PRC)|, Tianjin |(PRC)|, Yantai |(PRC)|, Kozmino |(russia)|, Dongjiakou |(PRC)|, Tanjong Pagar |(Singapore)|, Dongying |(PRC)|, BZ 34 Terminal |(PRC)|, Tanjung pengelih |(Malaysia)|, Yangshan |(PRC)|, Sohar |(Oman)|, Qingdao |(PRC)|, Pengerang |(Malaysia)|, Bohai Peng Lai FPSO |(PRC)"
9224271,SPIRIT OF CASPER,20241011,IRAN-EO13846,1,Rita Shipping Inc (6394782 / Marshall Islands / 01.05.2023),Rita Shipping Inc (6394782 / Marshall Islands / 01.05.2023),Unknown (03.02.2025),Antares / Crude Okto / Genmar Orion / Gener8 Orion / Maria Grace / Spirit Of Casper,Greece|/ |Marshall Islands|/ |Panama,2002,Samsung Shipbuilding & Heavy Industries Co. Ltd.,Sanctions |USA ,"Lanshan |(PRC)|, Tanjung Pelepas |(Malaysia)|, Tianjin |(PRC)|, Yantai |(PRC)|, Dongjiakou |(PRC)|, Qianwan |(PRC)|, Tanjung pengelih |(Malaysia)|, Qingdao |(PRC)|, Pengerang |(Malaysia)|, Wafangdian |(PRC)"
9247390,TYCHE I,20241011,IRAN-EO13846,1,Bta Logistics Ltd (6430548 / Marshall Islands / 01.09.2023),Bta Logistics Ltd (6430548 / Marshall Islands / 14.10.2025),Dylan Ship Management Pvt Ltd (0186981 / India / 14.10.2025),Nordpacific / Neverland / Tornado A,Denmark|/ |Italy,2003,Sumitomo Heavy Industries,North of England P&I Association,"Aspropirgos (Aspropyrgos) |(Greece)|, Es Sider |(Libya)|, Augusta |(Italy)|, Botas |(Turkey)|, Cagliari |(Italy)|, Genoa |(Italy)|, Jurong Island |(Singapore)|, Melilli Oil Terminal |(Italy)|, Omisalj |(Croatia)|, Sekupang |(Indonesia)|, Sidi Kerir |(Egypt)|, La Skhirra |(Tunisia)|, Jeddah |(Saudi Arabia)|, Tanjong Pagar |(Singapore)|, Agioi Theodoroi Port |(Greece)|, Batu Ampar |(Indonesia)|, Falconara |(Italy)|, Pulau Ayer Chawan |(Singapore)"
9203265,VORAS,20241011,IRAN-EO13846,1,Glazing Future Management NV (6256801 / Suriname / 21.10.2022),Glazing Future Management NV (6256801 / Suriname / 21.10.2022),Unknown (30.04.2021),Mars Glory / Songa Agnes / Saga Agnes / Kalymnos / Duras / Tiana / Ermis,Liberia|/ |Marshall Islands|/ |Malta|/ |Panama|/ |Cook Islands|/ |Cameroon,2000,Daewoo Shipbuilding & Marine Engineering Co. Ltd.,Sanctions |USA ,"Khor Fakkan |(UAE)|, Lanshan |(PRC)|, Ras Tanura |(Saudi Arabia)|, Soroosh Terminal |(Iran)|, Galle |(Sri Lanka)|, Sharjah |(UAE)"
9260067,JUVENIS,20241017,SDGT,1,Seasupply Ltd (0309484 / Liberia / 05.12.2025),Seasupply Ltd (0309484 / Liberia / 05.12.2025),Unknown (30.10.2024),Cape Bird / Tornado / Juvenis / Vision,Germany|/ |Marshall Islands|/ |Liberia|/ |Palau|/ |Gambia,2003,Hyundai Mipo Dockyard Co. Ltd.,"Sanctions |USA |,  |EU |,  |Switzerland |,  |Ukraine |,  |Canada ","Gelendzhgic |(russia)|, Izmit |(Turkey)|, Lagos |(Nigeria)|, Novorossiysk |(russia)|, Tuapse |(russia)|, Sheskharis |(russia)|, Gibraltar |(Gibraltar)|, Warri |(Nigeria)|, Koko |(Nigeria)|, Calabar |(Nigeria)|, Tuzla Shipyard |(Turkey)|, Korous-1 |(Egypt)"
9315654,KAPOK,20241017,SDGT,1,Changtai Shipping Ltd (6427552 / Marshall Islands / 01.09.2023),Changtai Shipping Ltd (6427552 / Marshall Islands / 30.06.2025),Unknown (06.02.2025),Lila Orlando / Sonangol Kassanje / Kapok,Liberia|/ |Bahamas|/ |Panama,2005,Daewoo Shipbuilding & Marine Engineering Co. Ltd.,"Sanctions |USA |,  |EU |,  |Switzerland |,  |UK |,  |Ukraine |,  |Canada ","Corpus Christi |(USA)|, Covenas Offshore Term. |(Colombia)|, Houston |(USA)|, Jurong Island |(Singapore)|, Madre De Deus |(Brazil)|, Mamonal |(Colombia)|, Mina Saud |(Kuwait)|, New Orleans |(USA)|, Ningbo |(PRC)|, Novorossiysk |(russia)|, Pelabuhan Sungai Udang |(Malaysia)|, Port Elizabeth |(Republic of South Africa)|, Ras Sudr |(Egypt)|, Tanger Med |(Morocco)|, Tekirdag |(Turkey)|, Port Said |(Egypt)|, Marport West (Soyak) Terminal |(Turkey)|, Mumbai |(India)|, Ust-Luga |(russia)|, Suez |(Egypt)|, Belokamenka |(russia)|, Primorsk |(russia)|, Bedi Bunder |(India)|, Adabiya |(Egypt)|, Vadinar |(India)|, Jamnagar- Sikka |(India)|, Akcansa |(Turkey)|, Gelendzhik |(russia)|, South Louisiana |(USA)"
9247388,KUKKI,20241017,SDGT,0,,,,,,,,,
9236755,LIANA,20241017,SDGT,1,Oceanfleet Ltd c/o Eco Max FZE (6354668 / United Arab Emirates / 11.01.2022),Eco Max FZE (6228565 / United Arab Emirates / 01.05.2024),Unknown (30.10.2024),Seaempress / Linnet / Liana,Marshall Islands|/ |Malta|/ |Palau|/ |Gambia,2002,Hyundai Mipo Dockyard Co. Ltd.,"Sanctions |USA |,  |Ukraine ","Derince Burnu |(Turkey)|, Izmit |(Turkey)|, Khor Al Zubair |(Iraq)|, Khor Fakkan |(UAE)|, Marsaxlokk |(Malta)|, Novorossiysk |(russia)|, Tuapse |(russia)|, Mumbai |(India)|, TamanNefteGaz CJSC |(russia)|, Fujairah |(UAE)|, Marmara |(Turkey)|, Paradip offshore |(India)|, Visakhapatnam |(India)|, Dahej |(India)|, Poti |(Georgia)|, Haldia |(India)|, Ennore |(India)|, Kandla |(India)|, Alang |(India)|, Bandar Shahid Rejaee |(Iran)"
9220938,MARBEL,20241017,SDGT,1,Seapacifick Ltd (0255285 / Liberia / 07.08.2025),Seapacifick Ltd (0255285 / Liberia / 07.08.2025),Unknown (07.08.2025),Valle Di Siviglia / Minerva / Marbel / Manta,Italy|/ |Palau|/ |Cook Islands|/ |Gambia,2001,Hyundai Mipo Dockyard Co. Ltd.,"Sanctions |USA |,  |Ukraine ","Aliaga |(Turkey)|, Mersin |(Turkey)|, Novorossiysk |(russia)|, Samsun |(Turkey)|, Tuapse |(russia)|, Marport West (Soyak) Terminal |(Turkey)|, Zeytinburnu |(Turkey)|, TamanNefteGaz CJSC |(russia)|, Delta Dortyol Terminal |(Turkey)|, Sheskharis |(russia)|, Marmara |(Turkey)|, Zhelezny Rog |(russia)|, Benghazi |(Libya)|, Icdas |(Turkey)|, Akcansa |(Turkey)|, Gelendzhik |(russia)"
9252400,ONYX,20241017,SDGT,1,Oleant Inc (0120436 / Liberia / 05.12.2025),Eco Max FZE (6228565 / United Arab Emirates / 01.05.2024),Eco Max FZE (6228565 / United Arab Emirates / 30.05.2024),Freja Ocean / Kriti Sea / Onyx / Seal,Panama|/ |Greece|/ |Cook Islands|/ |Gambia,2002,Onomichi Dockyard,"Sanctions |USA |,  |EU |,  |Switzerland |,  |Ukraine |,  |UK |,  |Canada ","Constantza |(Romania)|, Golcuk Burnu |(Turkey)|, Izmit |(Turkey)|, Marsaxlokk |(Malta)|, Novorossiysk |(russia)|, Tuapse |(russia)|, Batumi |(Georgia)|, TamanNefteGaz CJSC |(russia)|, Kamysh-Burun |(Ukraine)|, Delta Dortyol Terminal |(Turkey)|, Marmara |(Turkey)|, Poti |(Georgia)|, Varna |(Bulgaria)"
9220940,TROPHY,20241017,IFSR,0,,,,,,,,,
9292163,YURIMAGUAS LTD,20241203,IRAN-EO13902,1,Centaurus Min Ltd (6476560 / Hong Kong / 01.03.2024),Shanghai Legendary Ship Management Co Ltd (6113237 / People's Republic of China / 01.03.2024),Shanghai Legendary Ship Management Co Ltd (6113237 / People's Republic of China / 01.03.2024),Monica S / Front Force / Onoba / Sea Force / MT. Pertamina 1,Panama|/ |Marshall Islands|/ |Cyprus,2004,Hyundai Heavy Industries Co. Ltd.,Sanctions |USA ,"Algeciras Bay |(Spain)|, Egina Oil Terminal |(Nigeria)|, Lanshan |(PRC)|, Ningbo |(PRC)|, Yantai |(PRC)|, Yingkou |(PRC)|, Zhoushan |(PRC)|, Meishan |(PRC)|, Aoshan Oil Terminal |(PRC)|, Dongjiakou |(PRC)|, Tanjong Pagar |(Singapore)|, Tanjung pengelih |(Malaysia)|, Mabianzhou |(PRC)|, Sungai Linggi |(Malaysia)|, Daxie |(PRC)|, Xianren Dao |(PRC)"
9285756,BLACK PANTHER,20241203,IRAN-EO13902,1,Wisdom Shipping Trading SA (0143742 / Panama / 11.02.2025),Lightship Management Ltd (6141155 / Ukraine / 11.02.2025),Unknown (11.02.2025),British Liberty / Liberty / Black Panther,Isle of Man|/ |Panama|/ |Gambia,2004,Hyundai Mipo Dockyard Co. Ltd.,Sanctions |USA ,"Karachi |(Pakistan)|, Sharjah |(UAE)|, Sohar |(Oman)|, Jebel Ali |(UAE)"
9229439,PRIVATE LIMITED). CERES I,20241203,IRAN-EO13902,1,Ceres Shipping LTD-HKG (6126330 / Hong Kong / 01.11.2019),Ceres Shipping LTD-HKG (6126330 / Hong Kong / 10.02.2021),Blueshark Shipping Pte Ltd (6204587 / Singapore / 26.09.2023),Mogamigawa / Pacific Glory / Pacific Alfa / Affluence,Japan|/ |Marshall Islands|/ |Liberia|/ |Panama|/ |Honduras|/ |Sao Tome and Principe,2001,Saijo Dockyard,Sanctions |USA ,"Zhoushan |(PRC)|, Aoshan Oil Terminal |(PRC)|, Tanjong Pagar |(Singapore)|, Lome |(Togo)|, Tanjung pengelih |(Malaysia)"
9196644,ELVA,20241203,IRAN-EO13902,1,Lufindo Holding Ltd c/o Ravel Ship Management Pvt Ltd (6174627 / 04.11.2022),Inaya Ship Management Pvt Ltd (6176107 / Pakistan / 11.10.2023),Unknown (11.12.2023),Hakata / Otina / Front Hakata / Ekaterina,Isle of Man|/ |Bahamas|/ |Saint Kitts and Nevis|/ |Sao Tome and Principe,2002,Nagasu Hitachi Shipbuilding & Engineering,Sanctions |USA ,"Lanshan |(PRC)|, Dongjiakou |(PRC)|, Tanjong Pagar |(Singapore)|, Tanjung pengelih |(Malaysia)|, Sohar |(Oman)|, Kakinada |(India)|, Nha Be Oil Port |(Vietnam)"
9262766,FIONA II,20241203,IRAN-EO13902,1,Eunomia Ltd c/o Shunxiang Ship Management Ltd (6205948 / Hong Kong / 25.02.2021),Shunxiang Ship Management Ltd (6162010 / Hong Kong / 25.02.2021),Shunxiang Ship Management Ltd (6162010 / Hong Kong / 25.02.2021),Selene Trader,Build year|2003,2003,Mitsui Ichihara Engineering & Shipbuilding,Sanctions |USA ,"Zhoushan |(PRC)|, Meishan |(PRC)|, Aoshan Oil Terminal |(PRC)|, Dongjiakou |(PRC)|, Qianwan |(PRC)|, Tanjung pengelih |(Malaysia)|, Shulanghu |(PRC)"
9166675,FT ISLAND,20241203,IRAN-EO13902,1,Asia Affluence Ltd (6127081 / Hong Kong / 09.11.2019),Gaffodil Co Ltd (6462631 / Hong Kong / 08.02.2024),Gaffodil Co Ltd (6462631 / Hong Kong / 08.02.2024),Ccpc Vanguard,Liberia|/ |Marshall Islands|/ |Bahamas,1998,Hyundai Heavy Industries Co. Ltd.,Sanctions |USA ,"Tanjung Pelepas |(Malaysia)|, Tanjong Pagar |(Singapore)|, Tanjung pengelih |(Malaysia)"
9410387,JAYA,20241203,IRAN-EO13902,1,Rptd Sold Undisclosed Interest (9991942 / 03.12.2024),Rptd Sold Undisclosed Interest (9991942 / 03.12.2024),Unknown (01.03.2025),Duqm / Monoceros,Panama|/ |Liberia|/ |Barbados|/ |Gabon|/ |Marshall Islands,2008,Saijo Dockyard,Sanctions |USA ,"Daesan Hang |(Republic of Korea)|, Girassol Terminal |(Angola)|, Ju Aymah Lpg Terminal |(Saudi Arabia)|, Ju'aymah Crude and LPG Terminals (SPM) |(Saudi Arabia)|, Lanshan |(PRC)|, Ningbo |(PRC)|, Yantai |(PRC)|, Yingkou |(PRC)|, Zhoushan |(PRC)|, Aoshan Oil Terminal |(PRC)|, Khor al Fakkan |(UAE)|, Tanjong Pagar |(Singapore)|, Fujairah |(UAE)|, Tanjung pengelih |(Malaysia)|, Mabianzhou |(PRC)|, New Mangalore |(India)|, Taean |(Republic of Korea)|, Changxindao |(PRC)|, Dalian |(PRC)|, Yantai |(PRC)|, Daxie |(PRC)|, Wafangdian |(PRC)"
9341512,LADY LUCY,20241203,IRAN-EO13902,1,Constellation Maritime Services Limited (6394368 / Liberia / 22.03.2023),Constellation Maritime Services Limited (6394368 / Liberia / 20.05.2023),Al Naseem Ship Management (0083611 / United Arab Emirates / 26.11.2024),Cielo Di Guangzhou / Valentina / Delphine / Delphi / Lady Lucy,Italy|/ |Luxembourg|/ |Tuvalu|/ |Sierra Leone|/ |Palau|/ |Gabon|/ |Liberia,2006,Guangzhou International Shipyard,Sanctions |USA ,"Khor Al Zubair |(Iraq)|, Slavyanka |(russia)|, Zhoushan |(PRC)|, Al Basra Oil Terminal |(Iraq)|, Khor al Fakkan |(UAE)|, Fujairah |(UAE)|, Dongying |(PRC)|, Port Rashid |(UAE)"
9321421,LARA II,20241203,IRAN-EO13902,1,Ember Maritime Inc (6449208 / Marshall Islands / 21.11.2023),Oceanic Operations FZ-LLC (0105068 / United Arab Emirates / 30.11.2024),Unknown (30.11.2024),Seongho Mercury / Minitank Four / Angel 26 / At Lucky / Lara IІ,Malta|/ |Republic of Korea|/ |Panama,2006,,Sanctions |USA ,"Huangpu |(PRC)|, Khor Al Zubair |(Iraq)|, Mailiao |(Taiwan)|, Majuro Atoll |(Marshall Islands)|, Tarawa Atoll |(Kiribati)|, Al Basra Oil Terminal |(Iraq)|, Khor al Fakkan |(UAE)|, Fujairah |(UAE)"
9285744,LIONESS,20241203,IRAN-EO13902,1,Quantum Maritime Service Inc c/o Lightship Management Ltd (0143739 / Ukraine / 01.02.2025),Lightship Management Ltd (6141155 / Ukraine / 01.02.2025),Unknown (01.02.2025),British Fidelity / Fidelity / Lioness,Isle of Man|/ |Panama|/ |Gambia,2004,Hyundai Mipo Dockyard Co. Ltd.,Sanctions |USA ,"Karachi |(Pakistan)|, Sharjah |(UAE)|, Jebel Ali |(UAE)"
9169421,PRIVATE LIMITED). MASAL,20241203,IRAN-EO13902,1,Ocean Glory Giant Ogg SA (6089179 / Panama / 13.03.2019),Ocean Glory Giant Ogg SA (6089179 / Panama / 13.03.2019),Unknown (01.04.2019),True Ocean / Galaxy Royal,Panama|/ |Togo,1998,Daewoo Shipbuilding & Marine Engineering Co. Ltd.,Sanctions |USA ,"Khor Fakkan |(UAE)|, Zhoushan |(PRC)|, Aoshan Oil Terminal |(PRC)|, Sharjah |(UAE)|, Duqm |(Oman)"
9281891,MEROPE,20241203,IRAN-EO13902,1,Lepus Sai Ltd c/o Shanghai Future Ship Management Co Ltd (6417692 / People's Republic of China / 01.06.2023),Shanghai Future Ship Management Co Ltd (6171619 / People's Republic of China / 28.08.2020),Shanghai Future Ship Management Co Ltd (6171619 / People's Republic of China / 28.08.2020),Stena Conductor / Diamond Champ / Baltic Sea / Amber Sun,Liberia|/ |Panama,2003,Saijo Dockyard,"Sanctions |USA |,  |EU |,  |Switzerland |,  |Canada |,  |UK |,  |New Zealand |,  |Ukraine ","Longkou |(PRC)|, Ningbo |(PRC)|, Yantai |(PRC)|, Yingkou |(PRC)|, TamanNefteGaz CJSC |(russia)|, Vanino |(russia)|, Kozmino |(russia)|, Dongjiakou |(PRC)|, Primorsk |(russia)|, Fujairah |(UAE)|, Dongying |(PRC)|, Zhelezny Rog |(russia)|, Vadinar |(India)|, Paradip offshore |(India)|, Mabianzhou |(PRC)|, Dalian |(PRC)|, Wafangdian |(PRC)|, Souda Bay |(Greece)"
9257137,MIN HANG,20241203,IRAN-EO13902,1,Ambra Ltd c/o Shanghai Legendary Ship Management Co Ltd (6457141 / People's Republic of China / 11.03.2024),Shanghai Legendary Ship Management Co Ltd (6113237 / People's Republic of China / 11.03.2024),Shanghai Legendary Ship Management Co Ltd (6113237 / People's Republic of China / 11.03.2024),Astro Cassiopeia / Maran Cassiopeia / Auriga,Greece|/ |Marshall Islands|/ |Panama|/ |Cook Islands,2003,Daewoo Shipbuilding & Marine Engineering Co. Ltd.,"Sanctions |USA |,  |EU |,  |Switzerland |,  |UK |,  |Canada |,  |Ukraine ","Mundra |(India)|, Ningbo |(PRC)|, Tanjung Pelepas |(Malaysia)|, Port Said |(Egypt)|, Ust-Luga |(russia)|, Suez |(Egypt)|, Chennai |(India)|, Kozmino |(russia)|, Dongjiakou |(PRC)|, Tanjong Pagar |(Singapore)|, Adabiya |(Egypt)|, Tanjung pengelih |(Malaysia)|, Gulei |(PRC)|, Sungai Linggi |(Malaysia)"
9288265,OLIVE,20241203,IRAN-EO13902,1,Sea Speed Inc (6509842 / Panama / 09.08.2024),Tightship Shipping Management (OPC) Pvt Ltd (6344264 / India / 21.08.2023),Unknown (07.05.2025),Energy Challenger / Olive / Blue Nil,Isle of Man|/ |Panama|/ |Cook Islands,2005,Stx Shipbuilding Co. Ltd.,Sanctions |USA ,"Karachi |(Pakistan)|, Khor Fakkan |(UAE)|, Nianyuwan |(PRC)|, Sharjah |(UAE)|, Jebel Ali |(UAE)"
9198317,PRIVATE LIMITED). PHONIX,20241203,IRAN-EO13902,1,Faith Enterprise Ltd c/o Vision Ship Management LLP (6403000 / India / 27.04.2023),Vision Ship Management LLP (6379560 / India / 27.04.2023),Vision Ship Management LLP (6379560 / India / 03.05.2023),Formosapetro Challenger / Pacific Challenger / Luna Lake,Panama|/ |Liberia,2001,Jmu Kure Shipyard,Sanctions |USA ,"Lanshan |(PRC)|, Ningbo |(PRC)|, Zhoushan |(PRC)|, Al Basra Oil Terminal |(Iraq)|, Aoshan Oil Terminal |(PRC)|, Dongjiakou |(PRC)|, Khor al Fakkan |(UAE)|, Tanjung pengelih |(Malaysia)|, Yantai |(PRC)|, Pengerang |(Malaysia)|, Malacca |(Malaysia)"
9256913,RIO NAPO,20241203,IRAN-EO13902,1,Baikal Shipping & Trading Corp c/o Vision Ship Management LLP (6282811 / India / 28.01.2022),Vision Ship Management LLP (6379560 / India / 12.02.2024),Unknown (18.12.2024),Hermitage Bridge / Lady Tyna / Rio Napo,Liberia|/ |Cook Islands,2003,Hyundai Mipo Dockyard Co. Ltd.,"Sanctions |USA |,  |Ukraine ","Jurong Island |(Singapore)|, Khor Al Zubair |(Iraq)|, Mersin |(Turkey)|, Tanger Med |(Morocco)|, Khor al Fakkan |(UAE)|, Primorsk |(russia)|, Fujairah |(UAE)|, Ajman |(UAE)|, Duqm |(Oman)|, Sohar |(Oman)|, Pengerang |(Malaysia)|, Al Hamriyah |(UAE)|, Lavan Island |(Iran)|, Jebel Ali |(UAE)|, St. Petersburg |(russia)"
9307932,TONIL,20241203,IRAN-EO13902,1,Tessa Shipping Inc (6287239 / Panama / 08.03.2023),Lightship Management Ltd (6141155 / Ukraine / 08.03.2023),Tightship Shipping Management (OPC) Pvt Ltd (6344264 / India / 13.06.2023),Dalisia / Tai Hu / Paragon Dawn,Singapore|/ |Panama,2007,New Century Shipbuilding,Sanctions |USA ,"Fateh Oil Terminal |(UAE)|, Karachi |(Pakistan)|, Sohar |(Oman)|, Jebel Ali |(UAE)"
9371608,VANITY,20241203,IRAN-EO13902,1,Yurimaguas Ltd (6489319 / Marshall Islands / 27.09.2024),Uship Management FZ-LLC (6505076 / United Arab Emirates / 04.06.2024),Unknown (21.08.2025),Yangtze Pearl / New Founder / Nave Photon / Ocean Phantom / Blissful Sea / Vanity / Jela,Hong Kong|/ |Liberia|/ |Palau|/ |Panama|/ |Cook Islands|/ |San Marino,2008,Jiangnan Shipyard Group,Sanctions |USA ,"Lanshan |(PRC)|, Ningbo |(PRC)|, Yantai |(PRC)|, Zhoushan |(PRC)|, Meishan |(PRC)|, Aoshan Oil Terminal |(PRC)|, Nianyuwan |(PRC)|, Dongjiakou |(PRC)|, Tanjong Pagar |(Singapore)|, Qianwan |(PRC)|, Tanjung pengelih |(Malaysia)|, Changxindao |(PRC)|, Qingdao |(PRC)|, Pengerang |(Malaysia)|, Daxie |(PRC)|, Dagang |(PRC)|, Wafangdian |(PRC)"
9326055,VERONICA III,20241203,IRAN-EO13902,1,Volans Delta Ltd c/o Shanghai Future Ship Management Co Ltd (6389291 / People's Republic of China / 28.02.2023),Shanghai Future Ship Management Co Ltd (6171619 / People's Republic of China / 03.01.2021),Shanghai Future Ship Management Co Ltd (6171619 / People's Republic of China / 03.01.2021),Symphonic / White Nova / Veronica,Greece|/ |Liberia|/ |Panama,2006,Universal Shipbuilding Corp,Sanctions |USA ,"Lanshan |(PRC)|, Zhoushan |(PRC)|, Meishan |(PRC)|, Aoshan Oil Terminal |(PRC)|, Tanjong Pagar |(Singapore)|, Qianwan |(PRC)|, Tanjung pengelih |(Malaysia)|, Sungai Linggi |(Malaysia)|, Dagang |(PRC)|, Xianren Dao |(PRC)"
9233349,VESNA,20241203,IRAN-EO13902,1,Danika Robert Ltd c/o Shanghai Legendary Ship Management Co Ltd (6371374 / People's Republic of China / 27.01.2023),Shanghai Legendary Ship Management Co Ltd (6113237 / People's Republic of China / 28.10.2020),Shanghai Legendary Ship Management Co Ltd (6113237 / People's Republic of China / 22.08.2019),Glory Crystal / Drakes Moon / Moon Safari / Ocean Safari,Marshall Islands|/ |Panama|/ |Djibouti|/ |Belize,2000,Namura Shipbuilding Co. Ltd,"Sanctions |USA |,  |EU |,  |Switzerland |,  |UK |,  |Canada |,  |Ukraine ","Huizhou |(PRC)|, Longkou |(PRC)|, Yantai |(PRC)|, Zhoushan |(PRC)|, Vanino |(russia)|, Aoshan Oil Terminal |(PRC)|, Kozmino |(russia)|, Dongjiakou |(PRC)|, Primorsk |(russia)|, Dongying |(PRC)|, Mabianzhou |(PRC)|, New Mangalore |(India)|, Dalian |(PRC)|, Gwangyang |(Republic of Korea)"
6375624,SUNNY LAND TRADING LTD,20250224,IRAN-EO13846,0,,,,,,,,,
9244635,SUNNY LAND TRADING LTD,20250224,IRAN-EO13846,1,Capella Shipping LTD-SEY c/o Austinship Management Pvt Ltd (6149249 / India / 20.07.2020),Austinship Management Pvt Ltd (6140568 / India / 20.07.2020),Austinship Management Pvt Ltd (6140568 / India / 25.07.2020),Taizan / Dragon / Berwick,Liberia|/ |Saint Kitts and Nevis|/ |Panama|/ |Gambia,2002,Nkk Shipbuilding,Sanctions |USA ,"Khor Fakkan |(UAE)|, Ras Laffan |(Qatar)|, Soroosh Terminal |(Iran)|, Qianwan |(PRC)|, Tanjung pengelih |(Malaysia)|, Sohar |(Oman)"
9181194,ASTERIX,20250224,IRAN-EO13846,1,Oceanend Shipping Ltd (6348942 / Seychelles / 28.07.2022),Oceanend Shipping Ltd (6348942 / Seychelles / 28.07.2022),Unknown (15.09.2022),Else Maersk / Marina M / Lerax / Phoenix,Denmark|/ |Malta|/ |Saint Kitts and Nevis|/ |Tanzania|/ |Cameroon|/ |Gambia,2000,Hyundai Heavy Industries Co. Ltd.,Sanctions |USA ,"Lanshan |(PRC)|, Zhoushan |(PRC)|, Dongjiakou |(PRC)|, Nansha |(PRC)"
9365764,AYDEN,20250224,IRAN-EO13902,1,Subak Plant Ltd (0212912 / Belize / 01.05.2025),Subak Plant Ltd (0212912 / Belize / 01.05.2025),Amaya Ship Management LLP (0114450 / India / 18.02.2025),Manah / Marley / Ayden,Malta|/ |Marshall Islands|/ |Panama|/ |San Marino|/ |Comoros,2008,Samsung Shipbuilding & Heavy Industries Co. Ltd.,North of England P&I Association,"Yantai |(PRC)|, Zhoushan |(PRC)|, Dongjiakou |(PRC)|, Rongcheng |(PRC)|, Qingdao |(PRC)|, Pengerang |(Malaysia)"
9280366,CASINOVA,20250224,IRAN-EO13902,1,Tian Mu Shipping Ltd c/o Fumingzhou Ships Co Ltd (0136621 / Marshall Islands / 13.02.2025),Fumingzhou Ships Co Ltd (0101737 / Marshall Islands / 13.02.2025),Fumingzhou Ships Co Ltd (0101737 / Marshall Islands / 14.02.2025),Sanko Confidence / Confidence / Casinova / Ying Ge,Liberia|/ |Barbados,2004,Onomichi Dockyard,North of England P&I Association,"Al Basrah |(Iraq)|, Hong Kong |(Hong Kong)|, Jurong Island |(Singapore)|, Khor Al Zubair |(Iraq)|, Khor Fakkan |(UAE)|, Muhammad Bin Qasim |(Pakistan)|, Ningbo |(PRC)|, Pulau Bukom |(Singapore)|, Ras Isa Marine Terminal |(People's Democratic Republic of Yemen)|, Zhoushan |(PRC)|, Mumbai |(India)|, TamanNefteGaz CJSC |(russia)|, Al Basra Oil Terminal |(Iraq)|, Fujairah |(UAE)|, Sohar |(Oman)|, Dibba |(UAE)|, Port Sudan |(Sudan)|, Pengerang |(Malaysia)"
9212400,CHAMTANG,20250224,IRAN-EO13846,1,Chartchemical SA c/o Ims Ltd (5812493 / Malaysia / 01.09.2016),Ims Ltd (5744389 / Malaysia / 01.09.2016),Ontario Maritime Services SA (0221941 / India / 19.05.2025),Nordamerika / Chamtang,Germany|/ |Marshall Islands|/ |Panama,2000,Stx Shipbuilding Co. Ltd.,Hydor AS,"Nanjing |(PRC)|, Nantong |(PRC)|, Ningbo |(PRC)|, Zhoushan |(PRC)|, Mumbai |(India)|, Kochin |(India)"
9365752,FIONA,20250224,IRAN-EO13902,1,Artemis Heart Ltd (6374161 / Seychelles / 04.01.2023),Artemis Heart Ltd (6374161 / Seychelles / 04.01.2023),Unknown (22.05.2025),Marbat / Cordelia / Fiona,Malta|/ |Marshall Islands|/ |Panama,2008,Samsung Shipbuilding & Heavy Industries Co. Ltd.,North of England P&I Association,"Lanshan |(PRC)|, Yantai |(PRC)|, Yingkou |(PRC)|, Nianyuwan |(PRC)|, Dongjiakou |(PRC)|, Tanjong Pagar |(Singapore)|, Qianwan |(PRC)|, Tanjung pengelih |(Malaysia)|, Shidao |(PRC)|, Rongcheng |(PRC)|, Qingdao |(PRC)|, Dalian |(PRC)|, Pengerang |(Malaysia)|, Dagang |(PRC)|, Xianren Dao |(PRC)|, Shulanghu |(PRC)"
9365776,LYDIA II,20250224,IRAN-EO13902,1,Sunny Land Trading Ltd (6375624 / Seychelles / 31.12.2022),Sunny Land Trading Ltd (6375624 / Seychelles / 31.12.2022),Unknown (07.03.2025),Mazyonah / Maren / Lydia II,Cyprus|/ |Malta|/ |Marshall Islands|/ |Panama,2009,Samsung Shipbuilding & Heavy Industries Co. Ltd.,Sanctions |USA ,"Khor Fakkan |(UAE)|, Soroosh Terminal |(Iran)|, Yantai |(PRC)|, Dongjiakou |(PRC)|, Galle |(Sri Lanka)|, Qianwan |(PRC)|, Tanjung pengelih |(Malaysia)|, Nansha |(PRC)|, Qingdao |(PRC)|, Dagang |(PRC)|, Ra's al maajjiz |(Saudi Arabia)"
9271406,MENG XIN,20250224,IRAN-EO13846,1,Celestial Overseas Co Ltd c/o Triviality Shipping LLC (0179391 / United Arab Emirates / 02.05.2025),Triviality Shipping LLC (0194685 / United Arab Emirates / 02.05.2025),Triviality Shipping LLC (0194685 / United Arab Emirates / 03.05.2025),Minerva Concert / Ornella / Astrid I / Altus / Meng Xin / Yuan Qi / Lbs,Greece|/ |Togo|/ |Gabon|/ |Panama,2003,Namura Shipbuilding Co. Ltd,Sanctions |USA ,"Al Basrah |(Iraq)|, Jurong Island |(Singapore)|, Khor Al Zubair |(Iraq)|, Longkou |(PRC)|, Ningbo |(PRC)|, Zhoushan |(PRC)|, Dongjiakou |(PRC)|, Fujairah |(UAE)|, Dongying |(PRC)|, New Mangalore |(India)|, Qingdao |(PRC)|, Pengerang |(Malaysia)"
9163269,PETERPAUL,20250224,IRAN-EO13846,1,Chartchemical SA (5812493 / Panama / 06.12.2022),Ims Ltd (5744389 / Malaysia / 01.10.2020),Innovative Ukraine Sc (5708593 / Ukraine / 24.09.2013),Peterpaul,Cyprus|/ |Panama,1998,Sasebo Heavy Industries,Hydor AS,"Changzhou |(PRC)|, Khor Fakkan |(UAE)|, Nanjing |(PRC)|, Saleef |(People's Democratic Republic of Yemen)|, Zhapu |(PRC)|, Mumbai |(India)|, Galle |(Sri Lanka)|, Kandla |(India)|, Wafangdian |(PRC)|, Doraleh |(Djibouti)"
9236248,PHOENIX I,20250224,IRAN-EO13846,1,Celestial Overseas Co Ltd c/o Triviality Shipping LLC (0179391 / United Arab Emirates / 02.05.2025),Triviality Shipping LLC (0194685 / United Arab Emirates / 02.05.2025),Triviality Shipping LLC (0194685 / United Arab Emirates / 03.05.2025),Torness / Minerva Zenia / Burgundy Star / Phoenix I,Malta|/ |Greece|/ |Liberia|/ |Panama|/ |Cook Islands,2002,Daewoo Shipbuilding & Marine Engineering Co. Ltd.,"Sanctions |USA |,  |Ukraine |,  |EU |,  |Switzerland |,  |UK ","Al Basrah |(Iraq)|, Jurong Island |(Singapore)|, Lanshan |(PRC)|, Longkou |(PRC)|, Nakhodka |(russia)|, Yantai |(PRC)|, Dongjiakou |(PRC)|, Fujairah |(UAE)|, Dongying |(PRC)|, Mabianzhou |(PRC)|, Qingdao |(PRC)|, Pengerang |(Malaysia)"
9231901,URGANE I,20250224,IRAN-EO13902,1,Blue Venice Shipping Inc (6217866 / Panama / 13.04.2021),Nycity Shipmanagement Co Ltd (6422945 / Marshall Islands / 01.03.2024),Nycity Shipmanagement Co Ltd (6422945 / Marshall Islands / 17.04.2024),Aegean Spirit / Intisar / Venice / Urgane I,Bahamas|/ |Malta|/ |Panama,2002,Hyundai Samho Heavy Industries Co. Ltd.,"Sanctions |USA |,  |Ukraine ","Bandar Mahshahr |(Iran)|, Jurong Island |(Singapore)|, Lanshan |(PRC)|, Lianyungang |(PRC)|, Ras Laffan |(Qatar)|, Shanghai |(PRC)|, Zhoushan |(PRC)|, Fujairah |(UAE)|, Dongying |(PRC)|, Lamma Island |(PRC)|, Laizhou |(PRC)|, Pengerang |(Malaysia)|, Wafangdian |(PRC)"
9154000,VIOLET 1,20250224,IRAN-EO13846,1,Chartchemical SA c/o Ims Ltd (5812493 / Malaysia / 02.09.2021),Ims Ltd (5744389 / Malaysia / 11.06.2013),Ontario Maritime Services SA (0221941 / India / 21.05.2025),Violet / Violet 1,Saint Kitts and Nevis|/ |Panama,1998,Minaminippon Shipbuilding,Hydor AS,"Changzhou |(PRC)|, Nanjing |(PRC)|, Ningbo |(PRC)|, Zhapu |(PRC)|, Zhoushan |(PRC)|, New Mangalore |(India)|, Kochin |(India)"
6424310,UNITED TANKERS LTD,20250313,IRAN-EO13902,0,,,,,,,,,
9328716,UNITED TANKERS LTD,20250313,IRAN-EO13902,1,Rptd Sold Undisclosed Interest (12.03.2025),Rptd Sold Undisclosed Interest (12.03.2025),Unknown (12.03.2025),Yugawasan / Yio / Sharp Ocean / Jilhan / Blue Gulf,Panama|/ |Liberia|/ |Palau|/ |Comoros|/ |Comoros,2005,Mitsubishi Heavy Industries Ltd,North of England P&I Association,"Al Basrah |(Iraq)|, Al Shaheen Terminal |(Qatar)|, Das Island |(UAE)|, Jurong Island |(Singapore)|, Khor Fakkan |(UAE)|, Lanshan |(PRC)|, Mina Al Ahmadi |(Kuwait)|, Mundra |(India)|, Ras Laffan |(Qatar)|, Ras Tanura |(Saudi Arabia)|, Sabang |(Indonesia)|, Zirku Island |(UAE)|, Assaluyeh |(Iran)|, Yosu |(Republic of Korea)|, Dongjiakou |(PRC)|, Qianwan |(PRC)|, Nansha |(PRC)|, Paradip offshore |(India)|, Visakhapatnam |(India)|, Rayong |(Thailand)|, Qingdao |(PRC)|, Tombak |(Iran)|, Dagang |(PRC)|, Zhoushan Wugang Port |(PRC)"
8710730,CELEBES,20250313,IRAN-EO13846,1,Pt. Bintang Samudra Utama (5596048 / Indonesia / 01.09.2022),Pt. Bintang Samudra Utama (5596048 / Indonesia / 01.09.2022),Unknown (01.11.1997),Flags (former),Build year|1986,1986,Sanyo Shipbuilding,Sanctions |USA ,"Sekupang |(Indonesia)|, Malacca |(Malaysia)|, Tanjong Penjuru |(Singapore)"
9276573,CORONA FUN,20250313,IRAN-EO13902,1,Sun Science International (6495856 / Hong Kong / 03.05.2024),Sun Science International (6495856 / Hong Kong / 03.05.2024),Pax Gloria Shipping Ltd (6495431 / Hong Kong / 03.05.2024),Minerva Eleonora / Corona Fun,Greece|/ |Liberia|/ |Panama,2004,Samsung Shipbuilding & Heavy Industries Co. Ltd.,"Sanctions |USA |,  |Ukraine ","Belida Marine Terminal |(Indonesia)|, Beshayer Oil Terminal |(Sudan)|, Las Palmas |(Spain)|, Lianyungang |(PRC)|, Mina Al Ahmadi |(Kuwait)|, Novorossiysk |(russia)|, Ras Tanura |(Saudi Arabia)|, Tanjung Pelepas |(Malaysia)|, Yantai |(PRC)|, Mumbai |(India)|, Ust-Luga |(russia)|, Dongjiakou |(PRC)|, Primorsk |(russia)|, Tanjong Pagar |(Singapore)|, Fujairah |(UAE)|, Dongying |(PRC)|, BZ 34 Terminal |(PRC)|, Singapore |(Singapore)|, New Mangalore |(India)|, Kochin |(India)|, Luoyuan |(PRC)|, Sohar |(Oman)|, Shidao |(PRC)|, Batu Ampar |(Indonesia)|, St. Petersburg |(russia)|, Bohai Peng Lai FPSO |(PRC)|, King Fahd |(Saudi Arabia)|, Nipa Anch |(Indonesia)"
9102277,ITAUGUA,20250313,IRAN-EO13902,1,Itaugua Services Inc (6487480 / Liberia / 17.05.2024),Itaugua Services Inc (6487480 / Liberia / 10.09.2024),Unknown (17.05.2024),Lila Rome / Peron / Cinnamon,Saudi Arabia|/ |Panama,1997,Mitsubishi Heavy Industries Ltd,Sanctions |USA ,"Khor Fakkan |(UAE)|, Tanjung Pelepas |(Malaysia)|, Galle |(Sri Lanka)|, Tanjong Pagar |(Singapore)|, Tanjung pengelih |(Malaysia)|, Hulaylah |(UAE)"
9203277,LEXI,20250313,IRAN-EO13902,1,Sea Services Providers NV (6347401 / Suriname / 03.08.2022),Sea Services Providers NV (6347401 / Suriname / 03.08.2022),Unknown (24.01.2020),Pluto Glory / DS Victory / Victory I / Dante,Germany|/ |Marshall Islands|/ |Panama|/ |Cameroon|/ |Comoros,2001,Daewoo Shipbuilding & Marine Engineering Co. Ltd.,Sanctions |USA ,"Khor Fakkan |(UAE)|, Zhoushan |(PRC)|, Nianyuwan |(PRC)|, Duqm |(Oman)"
9153525,LYDYA N,20250313,IRAN-EO13902,1,Rptd Sold Undisclosed Interest (21.04.2026),Rptd Sold Undisclosed Interest (21.04.2026),Unknown (09.01.2026),Front Vista / Dewi Maeswara / Oman Pride / Pride / Rider 1 / Lemur / Lilian,Indonesia|/ |Marshall Islands|/ |Liberia|/ |Saint Kitts and Nevis|/ |Gabon|/ |Cameroon|/ |Palau,1998,Nagasu Hitachi Shipbuilding & Engineering,Sanctions |USA ,"Khor Fakkan |(UAE)|, Tanjung Pelepas |(Malaysia)|, Zhoushan |(PRC)|, Dongjiakou |(PRC)|, Tanjong Pagar |(Singapore)|, Malacca |(Malaysia)|, Zhoushan Wugang Port |(PRC)"
9179921,MALILI,20250313,IRAN-EO13846,1,Shipload Maritime Pte Ltd c/o Shipload Maritime Pte Ltd (5837979 / Singapore / 23.05.2025),Shipload Maritime Pte Ltd (5837979 / Singapore / 10.2014),Unknown (01.11.1997),Flags (former),Build year|1997,1997,,Sanctions |USA ,"Pelabuhan Sungai Udang |(Malaysia)|, Sekupang |(Indonesia)|, Malacca |(Malaysia)|, Tanjong Penjuru |(Singapore)"
8106109,MARINA VISION,20250313,IRAN-EO13846,1,Pt. Gianira Adhinusa Senatama (6505181 / Indonesia / 01.02.2024),Pt. Gianira Adhinusa Senatama (6505181 / Indonesia / 01.02.2024),Unknown (01.11.1997),Flags (former)|Singapore,Singapore,1981,,Sanctions |USA ,"Sekupang |(Indonesia)|, Tanjong Penjuru |(Singapore)"
9257149,NESO,20250313,IRAN-EO13902,1,Pavo Marine Ltd (0318403 / Marshall Islands / 25.06.2026),Pavo Marine Ltd (0318403 / Marshall Islands / 25.06.2026),Unknown (07.04.2025),Elizabeth I. Angelicoussi / Elizabeth I.A. / Statice,Greece|/ |Marshall Islands|/ |Panama|/ |Sao Tome and Principe,2004,Daewoo Shipbuilding & Marine Engineering Co. Ltd.,Sanctions |USA ,"Al Shaheen Terminal |(Qatar)|, Ju'aymah Crude and LPG Terminals (SPM) |(Saudi Arabia)|, Laem Chabang |(Thailand)|, Ningbo |(PRC)|, Ras Tanura |(Saudi Arabia)|, Tianjin |(PRC)|, Yangpu |(PRC)|, Yantai |(PRC)|, Zhoushan |(PRC)|, Dongjiakou |(PRC)|, Tanjong Pagar |(Singapore)|, Fujairah |(UAE)|, Tanjung pengelih |(Malaysia)|, Pengerang |(Malaysia)|, Gwangyang |(Republic of Korea)|, Samil |(Republic of Korea)|, Daxie |(PRC)|, Malacca |(Malaysia)"
9288019,PEACE HILL,20250313,IRAN-EO13902,1,Hong Kong Shengshi Shipping (0190241 / Hong Kong / 01.05.2025),Hong Kong Shengshi Shipping (0190241 / Hong Kong / 01.05.2025),Unknown (04.04.2025),Joelmare / Peace Hill,Liberia|/ |Hong Kong|/ |Comoros,2005,Onomichi Dockyard,Sanctions |USA ,"Hong Kong |(Hong Kong)|, Huangpu |(PRC)|, Jurong Island |(Singapore)|, Ningbo |(PRC)|, Port Dickson |(Malaysia)|, Port Klang |(Malaysia)|, Pulau Sebarok |(Singapore)|, Tanjung Pelepas |(Malaysia)|, Dongjiakou |(PRC)|, Dongying |(PRC)|, Pasir Gudang, Johor |(Malaysia)"
9272694,POLARIS 1,20250313,IRAN-EO13902,1,Fallon Shipping Co Ltd (5732240 / Seychelles / 09.2012),Fallon Shipping Co Ltd (5732240 / Seychelles / 09.2012),Aren Ship Management (6088476 / Bangladesh / 17.12.2021),Aquila / Polaris / Formosa Fourteen,Panama|/ |Tuvalu|/ |Barbados|/ |Liberia,2005,Shin Kurushima,Sanctions |USA ,"Bandar Mahshahr |(Iran)|, Kharg Island Oil Terminal |(Iran)|, Assaluyeh |(Iran)|, Lavan Island |(Iran)|, Shahid Rajai |(Iran)"
9237412,SEASKY,20250313,IRAN-EO13902,1,Seasky Marine Co Ltd (6499567 / People's Republic of China / 07.05.2024),Seasky Marine Co Ltd (6499567 / People's Republic of China / 07.05.2024),Seasky Marine Co Ltd (6499567 / People's Republic of China / 28.05.2024),Jag Lavanya / Hontao / Seasky,India|/ |Panama|/ |Gabon|/ |San Marino,2004,Samsung Shipbuilding & Heavy Industries Co. Ltd.,"Sanctions |USA |,  |Ukraine |,  |EU |,  |Switzerland |,  |UK |,  |Canada ","Aliaga |(Turkey)|, Jurong Island |(Singapore)|, Kawasaki Ko |(Japan)|, Lanshan |(PRC)|, Longkou |(PRC)|, Ningbo |(PRC)|, Oita |(Japan)|, Port Dickson |(Malaysia)|, Pulau Sebarok |(Singapore)|, Zhoushan |(PRC)|, Ust-Luga |(russia)|, Al Basra Oil Terminal |(Iraq)|, Kozmino |(russia)|, Dongjiakou |(PRC)|, Primorsk |(russia)|, Tanjong Pagar |(Singapore)|, Incheon |(Republic of Korea)|, Jamnagar- Sikka |(India)|, Pengerang |(Malaysia)|, Shimotsu |(Japan)|, Baima |(PRC)"
0052848,ZENITH BRIDGE INC,20250320,IRAN-EO13902,0,,,,,,,,,
9181649,ZENITH BRIDGE INC,20250320,IRAN-EO13902,0,,,,,,,,,
9232876,BRAVA LAKE,20250320,IRAN-EO13902,1,Beacon Bay Shipping Inc (0165790 / Panama / 18.03.2025),Beacon Bay Shipping Inc (0165790 / Panama / 18.03.2025),Aquanex Shipping Ltd (0168848 / Hong Kong / 18.03.2025),Aegean Freedom / Brava Lake,Liberia|/ |Greece|/ |Panama|/ |Barbados,2003,Hyundai Heavy Industries Co. Ltd.,"Sanctions |USA |,  |Ukraine ","Khor Fakkan |(UAE)|, Tanjung Pelepas |(Malaysia)|, Tianjin |(PRC)|, Galle |(Sri Lanka)|, Tanjong Pagar |(Singapore)|, Dongying |(PRC)|, Telok Ramunia |(Malaysia)|, Erman |(PRC)|, Changxindao |(PRC)|, Pengerang |(Malaysia)|, Salalah |(Oman)|, Bohai Peng Lai FPSO |(PRC)|, BZ 28 Terminal |(PRC)"
9310159,CATALINA 7,20250320,IRAN-EO13902,0,,,,,,,,,
9281695,MONTROSE,20250320,IRAN-EO13902,0,,,,,,,,,
9310147,NATALINA 7,20250320,IRAN-EO13902,0,,,,,,,,,
9293741,TITAN,20250320,IRAN-EO13902,0,,,,,,,,,
9254915,VIOLA,20250320,IRAN-EO13902,0,,,,,,,,,
6268870,VALIANT MARINE VENTURES FZE,20250410,IRAN-EO13846,0,,,,,,,,,
9182291,VALIANT MARINE VENTURES FZE,20250410,IRAN-EO13846,1,Rptd Sold Undisclosed Interest (11.04.2025),Rptd Sold Undisclosed Interest (11.04.2025),Unknown (11.04.2024),Berge Ichiban / Ichiban / Namur / Gc Haikou / New Karpathos / Karo / Roma / Amor,Bahamas|/ |Belgium|/ |French Southern and Antarctic Lands|/ |France|/ |Singapore|/ |Panama|/ |Cameroon,2000,Nagasu Hitachi Shipbuilding & Engineering,Sanctions |USA ,"Kharg Island Oil Terminal |(Iran)|, Lanshan |(PRC)|, Pelabuhan Sungai Udang |(Malaysia)|, Zhoushan |(PRC)|, Dongjiakou |(PRC)|, Sharjah |(UAE)|, Port Rashid |(UAE)"
9171498,CHIL 1,20250410,IRAN-EO13902,1,Chil 1 Shipping Lines Inc c/o Glory International FZ-LLC (0050400 / United Arab Emirates / 28.08.2024),Glory International FZ-LLC (6116541 / United Arab Emirates / 19.08.2023),Glory International FZ-LLC (6116541 / United Arab Emirates / 19.08.2023),Iver Exact / Bro Premium / Camilla Maersk / Chiltern / Splendour Chiltern / Chiltern / Chil 1 / Al Jafzia,Liberia|/ |Netherlands|/ |Sweden|/ |Denmark|/ |Marshall Islands|/ |Panama|/ |Gambia,1999,Hyundai Samho Heavy Industries Co. Ltd.,Sanctions |USA ,"Bushehr |(Iran)|, Khor Al Zubair |(Iraq)|, Khor Fakkan |(UAE)|, Shuaiba |(Kuwait)|, Shuwaikh |(Kuwait)|, Hamad |(Qatar)|, Port Rashid |(UAE)|, Shahid Rajai |(Iran)"
9190078,GLOBAL ACE,20250410,IRAN-EO13902,1,Glory International FZ-LLC (6116541 / United Arab Emirates / 30.07.2020),Glory International FZ-LLC (6116541 / United Arab Emirates / 30.07.2020),Glory International FZ-LLC (6116541 / United Arab Emirates / 30.07.2020),Liquid Gold / Rhodes Sun / Rhona,Liberia|/ |Panama,1999,Jiangnan Shipyard Group,Sanctions |USA ,"Al Basrah |(Iraq)|, Khor Fakkan |(UAE)|, Fujairah |(UAE)|, Sharjah |(UAE)|, Colombo |(Sri Lanka)|, Duqm |(Oman)|, Aden |(People's Democratic Republic of Yemen)|, Hodeidah |(People's Democratic Republic of Yemen)|, Mina Saqr |(UAE)|, Kandla |(India)|, Al Hamriyah |(UAE)|, Doraleh |(Djibouti)"
9311309,GLOBAL ANGEL,20250410,IRAN-EO13902,1,Global Lady Shipping Lines Inc c/o Glory International FZ-LLC (6128835 / United Arab Emirates / 13.08.2020),Glory International FZ-LLC (6116541 / United Arab Emirates / 13.08.2020),Glory International FZ-LLC (6116541 / United Arab Emirates / 27.08.2020),Aulac Dragon / Dong Hai 202,Vietnam|/ |Panama,2003,Pla 4807 Factory,Sanctions |USA ,"Khor Fakkan |(UAE)|, Al Basra Oil Terminal |(Iraq)|, Ajman |(UAE)|, New Mangalore |(India)|, Nhava Sheva |(India)|, Pipavav |(India)|, Hazira |(India)|, Karwar |(India)"
9005338,GLOBAL ASPHALT,20250410,IRAN-EO13902,1,Asphalt Shipping Lines Inc c/o Glory International FZ-LLC (6056303 / United Arab Emirates / 21.08.2018),Glory International FZ-LLC (6116541 / United Arab Emirates / 27.02.2024),Glory International FZ-LLC (6116541 / United Arab Emirates / 27.02.2024),Global Asphalt,Panama,1991,Merwede Shipyard,Sanctions |USA ,"Khor Fakkan |(UAE)|, Port Klang |(Malaysia)|, Port Sultan Qaboos |(Oman)|, New Mangalore |(India)|, Kandla |(India)|, Karwar |(India)|, Dighi |(India)"
9221267,GLOBAL BEAUTY,20250410,IRAN-EO13902,1,Everest Shipping Lines Inc c/o Glory International FZ-LLC (6216390 / United Arab Emirates / 24.05.2021),Glory International FZ-LLC (6116541 / United Arab Emirates / 24.05.2021),Glory International FZ-LLC (6116541 / United Arab Emirates / 24.05.2021),Tarnvik / Ternvik / Global Beauty,Sweden|/ |Denmark|/ |Cook Islands|/ |Palau|/ |Panama,2001,Edwards Shipbuilding Shanghai,Sanctions |USA ,"Khor Fakkan |(UAE)|, Umm Qasr |(Iraq)|, Assaluyeh |(Iran)|, Fujairah |(UAE)|, Colombo |(Sri Lanka)|, Port Sultan Qaboos |(Oman)|, Trincomalee |(Sri Lanka)|, Port Rashid |(UAE)|, Al Hamriyah |(UAE)|, Doraleh |(Djibouti)|, Shahid Rajai |(Iran)"
9113094,GLOBAL CREST,20250410,IRAN-EO13902,1,Peak Shipping Lines Inc (6216426 / Panama / 19.07.2021),Glory International FZ-LLC (6116541 / United Arab Emirates / 19.07.2021),Glory International FZ-LLC (6116541 / United Arab Emirates / 19.07.2021),Fly Seal / Global Crest,Dominica|/ |Panama,1996,Sml Shipyard,Sanctions |USA ,"Khor Al Zubair |(Iraq)|, Khor Fakkan |(UAE)|, Port Klang |(Malaysia)|, Colombo |(Sri Lanka)|, New Mangalore |(India)|, Trincomalee |(Sri Lanka)|, Chu Lai Term. |(Vietnam)|, Kandla |(India)|, Port Rashid |(UAE)|, Karwar |(India)"
9309227,GLOBAL DIGNITY,20250410,IRAN-EO13902,1,Dignity Shipping Lines Inc c/o Elite Shipping & Trading Fzc (6243567 / United Arab Emirates / 07.12.2021),Elite Shipping & Trading Fzc (6440337 / United Arab Emirates / 07.11.2024),Unknown (18.08.2025),Bit Okland / Global Dignity,Sweden|/ |Panama,2006,Edwards Shipbuilding Shanghai,Sanctions |USA ,"Al-Khair |(Sudan)|, Khor Fakkan |(UAE)|, Chennai |(India)|, Fujairah |(UAE)|, Sharjah |(UAE)|, Cochin |(India)|, Colombo |(Sri Lanka)|, Rashid |(UAE)|, New Mangalore |(India)|, Visakhapatnam |(India)|, Kakinada |(India)|, Trincomalee |(Sri Lanka)|, Haldia |(India)|, Isdemir |(Turkey)|, Chittagong |(Bangladesh)|, Kandla |(India)"
9672301,GLOBAL DOMINANCE,20250410,IRAN-EO13902,0,,,,,,,,,
9422847,GLOBAL EAGLE,20250410,IRAN-EO13902,0,,,,,,,,,
9232955,GLOBAL ELEGANCE,20250410,IRAN-EO13902,0,,,,,,,,,
8982888,GLOBAL EMERALD,20250410,IRAN-EO13902,0,,,,,,,,,
9125724,GLOBAL EVEREST,20250410,IRAN-EO13902,0,,,,,,,,,
9399167,GLOBAL FALCON,20250410,IRAN-EO13902,0,,,,,,,,,
9451501,GLOBAL GENESIS,20250410,IRAN-EO13902,0,,,,,,,,,
9422859,GLOBAL HAWK,20250410,IRAN-EO13902,0,,,,,,,,,
9546708,GLOBAL MAHARANI,20250410,IRAN-EO13902,0,,,,,,,,,
9555199,GLOBAL PEACE,20250410,IRAN-EO13902,0,,,,,,,,,
9125712,GLOBAL PEAK,20250410,IRAN-EO13902,0,,,,,,,,,
9136113,GLOBAL RANI,20250410,IRAN-EO13902,0,,,,,,,,,
9164500,GLOBAL STAR,20250410,IRAN-EO13902,0,,,,,,,,,
9463528,GLORY STAR I,20250410,IRAN-EO13902,0,,,,,,,,,
9397030,HARMONY,20250410,IRAN-EO13902,0,,,,,,,,,
9372705,LUANDA 1,20250410,IRAN-EO13902,0,,,,,,,,,
9254422,MIRAGE,20250410,IRAN-EO13902,0,,,,,,,,,
9118745,NADIYA,20250410,IRAN-EO13902,0,,,,,,,,,
8413306,OCEAN PRINCESS 1,20250410,IRAN-EO13902,0,,,,,,,,,
9176656,PURNA,20250410,IRAN-EO13902,0,,,,,,,,,
9136644,SIMRAN,20250410,IRAN-EO13902,0,,,,,,,,,
9263215,XING AO ENERGY PTE. LTD.,20250508,IRAN-EO13902,1,Propitious Forever Trading (6471215 / Great Britain / 30.10.2024),Propitious Forever Trading (6471215 / Great Britain / 30.10.2024),Unknown (29.11.2024),Cosgreat Lake / Lila Zhuhai / Win Win,Liberia|/ |Panama,2002,Nacks,Sanctions |USA ,"Al Basrah |(Iraq)|, Ju'aymah Crude and LPG Terminals (SPM) |(Saudi Arabia)|, Lanshan |(PRC)|, Mina Al Fahl |(Oman)|, Ningbo |(PRC)|, Yangpu |(PRC)|, Yantai |(PRC)|, Zhanjiang |(PRC)|, Zhoushan |(PRC)|, Aoshan Oil Terminal |(PRC)|, Dongjiakou |(PRC)|, Mabianzhou |(PRC)|, Changxindao |(PRC)|, Qingdao |(PRC)|, Wafangdian |(PRC)"
9171448,IMPALAS,20250508,IRAN-EO13902,1,Embrace Que Ltd (0096700 / Hong Kong / 22.10.2024),Shunxiang Ship Management Ltd (6162010 / Hong Kong / 11.06.2024),Shunxiang Ship Management Ltd (6162010 / Hong Kong / 11.06.2024),Astro Callisto / Maran Callisto,Greece|/ |Marshall Islands|/ |Panama|/ |Sao Tome and Principe,1999,Daewoo Shipbuilding & Marine Engineering Co. Ltd.,Sanctions |USA ,"Ningbo |(PRC)|, Yangpu |(PRC)|, Yingkou |(PRC)|, Zhoushan |(PRC)|, Dongjiakou |(PRC)"
9320843,LAMD,20250508,IRAN-EO13902,1,Yimm International Trading Ltd c/o Doglas Shipmanagement Co Ltd (0190104 / Marshall Islands / 28.04.2025),Doglas Shipmanagement Co Ltd (0101710 / Marshall Islands / 28.04.2025),Doglas Shipmanagement Co Ltd (0101710 / Marshall Islands / 28.04.2025),Tohshi / Tai He,Panama|/ |Liberia,2007,Jmu Kure Shipyard,Sanctions |USA ,"Chiba Ko |(Japan)|, Das Island |(UAE)|, Ju'aymah Crude and LPG Terminals (SPM) |(Saudi Arabia)|, Lanshan |(PRC)|, Mina Al Ahmadi |(Kuwait)|, Ras Tanura |(Saudi Arabia)|, Sakai Ko |(Japan)|, Yokkaichi |(Japan)|, Dongjiakou |(PRC)|, Wafangdian |(PRC)"
9230971,SKADI,20250508,IRAN-EO13902,1,Rptd Sold Undisclosed Interest (08.05.2025),Rptd Sold Undisclosed Interest (08.05.2025),Unknown (18.03.2026),Nordatlantic / SC Sara / Silver Sun,Denmark|/ |Germany|/ |Liberia|/ |Panama,2001,Sumitomo Heavy Industries,"Sanctions |USA |,  |EU |,  |Switzerland |,  |Ukraine |,  |UK |,  |Canada ","Busan |(Republic of Korea)|, Jurong Island |(Singapore)|, Longkou |(PRC)|, Yantai |(PRC)|, Yingkou |(PRC)|, Zhoushan |(PRC)|, Kozmino |(russia)|, Dongjiakou |(PRC)|, Primorsk |(russia)|, Fujairah |(UAE)|, Dongying |(PRC)|, Laizhou |(PRC)|, Gulei |(PRC)|, St. Petersburg |(russia)"
9256987,STAR TWINKLE 6,20250508,IRAN-EO13902,1,Star Twinkle Shipping Ltd (6463192 / Hong Kong / 19.01.2024),Star Twinkle Shipping Ltd (6463192 / Hong Kong / 19.01.2024),Unknown (19.01.2024),C. Emperor,Republic of Korea|/ |Panama,2004,Samsung Shipbuilding & Heavy Industries Co. Ltd.,Sanctions |USA ,"Al Basrah |(Iraq)|, Mina Al Ahmadi |(Kuwait)|, Ras Al Khafji |(Saudi Arabia)|, Ulsan |(Republic of Korea)|, Yangpu |(PRC)|, Yantai |(PRC)|, Zhoushan |(PRC)|, Dongjiakou |(PRC)|, Dalian |(PRC)"
9187368,SHUN KAI XING,20250620,IFSR,0,,,,,,,,,
9298272,SAKAN GENERAL TRADING,20250620,IFSR,1,Best Way Tanker Corp (6386836 / Seychelles / 09.03.2023),Best Way Tanker Corp (6386836 / Seychelles / 15.07.2024),Ocean Voyage LLC (6507571 / Azerbaijan / 15.07.2024),New Century / Chemtrans Oceanic,Cyprus|/ |Marshall Islands|/ |Palau,2005,New Century Shipbuilding,"Sanctions |USA |,  |Ukraine ","Ras Sudr |(Egypt)|, Saleef |(People's Democratic Republic of Yemen)|, Port Said |(Egypt)|, Suez |(Egypt)|, Sadat |(Egypt)|, Jeddah |(Saudi Arabia)|, Djibouti |(Djibouti)|, Doraleh |(Djibouti)"
6405037,WHITE SANDS SHIPMANAGEMENT CORP.,20250703,IRAN-EO13846,0,,,,,,,,,
9102241,WHITE SANDS SHIPMANAGEMENT CORP.,20250703,IRAN-EO13846,0,,,,,,,,,
9262754,ATILA,20250703,SDGT,0,,,,,,,,,
9045807,BATELEUR,20250703,IRAN-EO13846,0,,,,,,,,,
9196632,BIANCA JOYSEL,20250703,IRAN-EO13902,0,,,,,,,,,
9829629,DIJILAH,20250703,IRAN-EO13902,0,,,,,,,,,
9216717,ELIZABET,20250703,SDGT,0,,,,,,,,,
9306548,FOTIS,20250703,IRAN-EO13902,0,,,,,,,,,
9108099,GAS MARYAM,20250703,SDGT,0,,,,,,,,,
9157478,NEEL,20250703,IRAN-EO13846,0,,,,,,,,,
9286229,RIEVERIA I,20250703,IRAN-EO13846,1,Isle Innovation Inc (0108938 / Panama / 02.01.2025),Isle Innovation Inc (0108938 / Panama / 02.01.2025),Element Trading Ltd (0109882 / Hong Kong / 17.12.2024),Athenian Glory / Angelica / Godavari Spirit / Rineia / Ocean Hermana,Marshall Islands|/ |Malta|/ |Bahamas|/ |Panama|/ |San Marino,2004,Hyundai Heavy Industries Co. Ltd.,Sanctions |USA ,"Khor Fakkan |(UAE)|, Lanshan |(PRC)|, Nianyuwan |(PRC)|, Galle |(Sri Lanka)|, Tanjong Pagar |(Singapore)|, Qianwan |(PRC)|, Singapore |(Singapore)|, Sohar |(Oman)|, Dibba |(UAE)|, Changxindao |(PRC)|, Dalian |(PRC)|, Pengerang |(Malaysia)"
9264570,THEMIS,20250703,IRAN-EO13902,1,Domi Lttle Ltd (0120921 / Hong Kong / 10.06.2025),Rayluck Shipping Ltd (0131890 / Hong Kong / 10.06.2025),Unknown (10.06.2025),Song Lin Wan / Portman Square / Themis,Hong Kong|/ |Liberia|/ |Panama|/ |Palau,2002,Namura Shipbuilding Co. Ltd,"Sanctions |UK |,  |Canada |,  |USA |,  |EU |,  |Switzerland |,  |Australia |,  |Ukraine ","Jurong Island |(Singapore)|, Lanshan |(PRC)|, Longkou |(PRC)|, Muara Harbor |(Brunei)|, Nakhodka |(russia)|, Ningbo |(PRC)|, Yantai |(PRC)|, Yingkou |(PRC)|, Zhoushan |(PRC)|, Ust-Luga |(russia)|, Chennai |(India)|, Kozmino |(russia)|, Dongjiakou |(PRC)|, Dongying |(PRC)|, Paradip offshore |(India)"
9122291,RISING HARRIER Bulk Carrier St. Vincent and the Grenadines flag; Vessel Registra,20250709,IRAN-EO13846,0,,,,,,,,,
9175901,CATTLE FORCE Livestock Carrier Togo flag; Vessel Registration Identification IMO,20250709,IRAN-EO13846,0,,,,,,,,,
9558517,HERCULES Offshore Tug/Supply Ship Togo flag; Vessel Registration Identification ,20250709,IRAN-EO13846,0,,,,,,,,,
7621011,GLADIATOR Tug Togo flag; Vessel Registration Identification IMO 7621011; MMSI 67,20250709,IRAN-EO13846,0,,,,,,,,,
9073672,RISING EAGLE Bulk Carrier St. Vincent and the Grenadines flag; Vessel Registrati,20250709,IRAN-EO13846,0,,,,,,,,,
9105396,RISING FALCON Bulk Carrier St. Vincent and the Grenadines flag; Vessel Registrat,20250709,IRAN-EO13846,0,,,,,,,,,
9228538,ACE,20250730,IRAN-EO13902,1,Ace Lines Inc c/o Reel Shipping LLC (6327151 / United Arab Emirates / 29.06.2022),Neptoria Ship Management FZ-LLC (0112303 / United Arab Emirates / 19.08.2025),Neptoria Ship Management FZ-LLC (0112303 / United Arab Emirates / 31.01.2025),Chief / CSCL Kelang / Chief / Ace,Hong Kong|/ |Antigua and Barbuda|/ |Germany|/ |Panama|/ |Comoros|/ |Cameroon|/ |Saint Vincent and the Grenadines,2001,Stocznia Gdynia S.A.,Sanctions |USA ,"Ambarli |(Turkey)|, Casablanca |(Morocco)|, Damietta (Dumyat) |(Egypt)|, Derince Burnu |(Turkey)|, Nemrut Bay |(Turkey)|, Xiamen |(PRC)|, Port Said |(Egypt)|, St Petersburg Fish Port |(russia)|, Jeddah |(Saudi Arabia)|, Qianwan |(PRC)|, Nansha |(PRC)|, St. Petersburg |(russia)|, Suanshan |(PRC)|, Houshi |(PRC)"
9088524,AEOLUS,20250730,IRAN-EO13902,1,Periyar Lines Inc (6067206 / Marshall Islands / 20.05.2021),Reel Shipping LLC (6416765 / United Arab Emirates / 20.06.2023),Neptoria Ship Management FZ-LLC (0112303 / United Arab Emirates / 10.01.2025),Helene Delmas / Calaparana / CMA CGM Maya / Niledutch Congo / Admiral Santosh / Santosh / Hazel / Aeolus,Antigua and Barbuda|/ |Germany|/ |Palau|/ |Liberia,1996,Nordic Yards Wismar,Sanctions |USA ,"Ambarli |(Turkey)|, Casablanca |(Morocco)|, Damietta (Dumyat) |(Egypt)|, Itajai |(Brazil)|, Novorossiysk |(russia)|, Paranagua |(Brazil)|, Porto Grande |(Cape Verde)|, Rio Grande |(Brazil)|, Marport West (Soyak) Terminal |(Turkey)|, Zeytinburnu |(Turkey)|, St Petersburg Fish Port |(russia)|, Barnabe Island Terminal |(Brazil)|, Icdas |(Turkey)|, Navegantes |(Brazil)|, Sao Francisco do Sul Marine Terminal |(Brazil)"
9328170,AETHER,20250730,IRAN-EO13902,1,Rptd Sold Undisclosed Interest (30.07.2025),Rptd Sold Undisclosed Interest (30.07.2025),Unknown (10.10.2025),Wafrah / Lila Fujairah,Kuwait|/ |Liberia|/ |Panama,2007,Daewoo Shipbuilding & Marine Engineering Co. Ltd.,"Sanctions |USA |,  |Ukraine |,  |EU |,  |Switzerland |,  |Canada |,  |UK ","Algeciras Bay |(Spain)|, Aliaga |(Turkey)|, Jurong Island |(Singapore)|, Novorossiysk |(russia)|, Mumbai |(India)|, Primorsk |(russia)|, Cochin |(India)|, Jamnagar- Sikka |(India)|, Port Rashid |(UAE)"
9303754,ALE,20250730,IRAN-EO13902,1,Ale Shipping Inc (6362708 / Marshall Islands / 01.01.2023),Draco Buren Shipping Pte Ltd (6189536 / Singapore / 03.08.2025),Draco Buren Shipping Pte Ltd (6189536 / Singapore / 22.07.2024),CMA CGM Respect / Emirates Eminence / Mark Twain / Solar N / Avni / Ale,Germany|/ |Cyprus|/ |Liberia,2006,Hanjin Heavy Industries Co. Ltd,Sanctions |USA ,"Jinhae |(Republic of Korea)|, Long Beach |(USA)|, Shanghai |(PRC)|, Sokhna Port Gas Tanker Terminal |(Egypt)|, Jeddah |(Saudi Arabia)|, Galle |(Sri Lanka)|, Qianwan |(PRC)|, Nansha |(PRC)|, Suanshan |(PRC)"
9382073,ANTARES I,20250730,IRAN-EO13902,1,Southbulk Shipping Ltd (6367041 / Marshall Islands / 12.12.2022),Algae Ship Charter FZCO (6508402 / United Arab Emirates / 02.08.2024),Unknown (21.08.2025),Challenge Point / Starman / Antares I,Panama|/ |Marshall Islands|/ |Liberia,2008,Shin Kurushima,"Sanctions |USA |,  |EU |,  |Switzerland |,  |Ukraine |,  |UK |,  |Canada ","Manaus |(Brazil)|, Mersin |(Turkey)|, Porto De Suape |(Brazil)|, Porto Santana |(Brazil)|, Port Said |(Egypt)|, Ust-Luga |(russia)|, Apapa |(Nigeria)|, Tin Can Island |(Nigeria)|, Primorsk |(russia)|, Skaw |(Denmark)|, Ponta da Madeira |(Brazil)|, Macapa |(Brazil)|, Icoaracy |(Brazil)|, Miramar Oil Terminal |(Brazil)"
9433016,APATE,20250730,IRAN-EO13902,1,Rptd Sold Undisclosed Interest (30.07.2025),Rptd Sold Undisclosed Interest (30.07.2025),Unknown (30.07.2025),FPMC P Duke / Tectus / Liberty,Liberia|/ |Marshall Islands|/ |Panama,2009,Stx Offshore & Shipbuilding Co. Ltd.,"Sanctions |USA |,  |EU |,  |Switzerland |,  |Ukraine |,  |UK |,  |Canada ","El Jorf Lasfar |(Morocco)|, Itaqui |(Brazil)|, Mersin |(Turkey)|, Mohammedia |(Morocco)|, Ras Sudr |(Egypt)|, Tanger Med |(Morocco)|, Port Said |(Egypt)|, Marport West (Soyak) Terminal |(Turkey)|, Ust-Luga |(russia)|, Suez |(Egypt)|, Sadat |(Egypt)|, Primorsk |(russia)|, Fujairah |(UAE)|, Adabiya |(Egypt)|, Jamnagar- Sikka |(India)|, Pengerang |(Malaysia)|, St. Petersburg |(russia)|, Tuzla Shipyard |(Turkey)|, Malacca |(Malaysia)"
9241487,BERTIE,20250730,IRAN-EO13902,1,Bertiee Shipping Alpha Inc (6381472 / Marshall Islands / 01.03.2023),Draco Buren Shipping Pte Ltd (6189536 / Singapore / 17.08.2025),Draco Buren Shipping Pte Ltd (6189536 / Singapore / 25.09.2024),CMA CGM Intensity / MCC Jakarta / Med / Nordmed / Snoopy / Bertie,Isle of Man|/ |Cyprus|/ |Germany|/ |Liberia,2003,Nordic Yards Wismar,Sanctions |USA ,"Mundra |(India)|, Shanghai |(PRC)|, Sokhna Port Gas Tanker Terminal |(Egypt)|, Jeddah |(Saudi Arabia)|, Nansha |(PRC)|, Nhava Sheva |(India)|, Mo'ta |(Jordan)|, Daxie |(PRC)|, Suanshan |(PRC)|, Doraleh |(Djibouti)|, Beilun |(PRC)|, North Port |(Malaysia)"
9307047,BIGLI,20250730,IRAN-EO13902,1,Xintai International Ship c/o Sea Lead Shipping Pte Ltd (5910576 / Singapore / 07.06.2024),Draco Buren Shipping Pte Ltd (6189536 / Singapore / 26.08.2025),Draco Buren Shipping Pte Ltd (6189536 / Singapore / 04.02.2021),APL Paradise / MOL Paradise / Paradise Star,Panama|/ |Singapore|/ |Marshall Islands,2005,Koyo Dockyard Co. Ltd,Sanctions |USA ,"Ambarli |(Turkey)|, Damietta (Dumyat) |(Egypt)|, Derince Burnu |(Turkey)|, Mersin |(Turkey)|, Port Said |(Egypt)|, Suez |(Egypt)|, Sadat |(Egypt)|, Jeddah |(Saudi Arabia)|, Qianwan |(PRC)|, Yangshan |(PRC)|, Nansha |(PRC)|, Qingdao |(PRC)|, Suanshan |(PRC)|, Shulanghu |(PRC)|, North Port |(Malaysia)"
9252955,BRIONT,20250730,IRAN-EO13902,1,Rptd Sold Undisclosed Interest (30.07.2025),Rptd Sold Undisclosed Interest (30.07.2025),Unknown (07.08.2025),Iasonas / Omega Lady Sarah / Juniper 5 / Ariel / Plutus,Greece|/ |Marshall Islands|/ |Panama,2003,Stx Shipbuilding Co. Ltd.,"Sanctions |USA |,  |EU |,  |Switzerland |,  |Ukraine |,  |UK |,  |Canada ","Aliaga |(Turkey)|, Ambarli |(Turkey)|, Anyer Lor |(Indonesia)|, Jurong Island |(Singapore)|, Khor Fakkan |(UAE)|, Shekou |(PRC)|, Tanjung Pelepas |(Malaysia)|, Port Said |(Egypt)|, Marport West (Soyak) Terminal |(Turkey)|, Ust-Luga |(russia)|, Suez |(Egypt)|, Sadat |(Egypt)|, Akcansa Canakkale |(Turkey)|, Primorsk |(russia)|, Tanjong Pagar |(Singapore)|, Adabiya |(Egypt)|, Vadinar Terminal |(India)|, Marmara |(Turkey)|, Singapore |(Singapore)|, Skaw |(Denmark)|, Tanjong Bin |(Malaysia)|, Icdas |(Turkey)|, Pengerang |(Malaysia)|, Pulau Ayer Chawan |(Singapore)"
9259408,CERUS,20250730,IRAN-EO13902,1,Rasool Shirazi (0436713 / Iran / 15.02.2026),Rasool Shirazi (0436713 / Iran / 15.02.2026),Unknown (25.07.2025),Kota Gunawan / Cerus,Singapore|/ |Liberia|/ |Saint Kitts and Nevis,2003,Kanasashi Heavy Industries,Sanctions |USA ,"Casablanca |(Morocco)|, Damietta (Dumyat) |(Egypt)|, Mohammedia |(Morocco)|, Port Said |(Egypt)|, St Petersburg Fish Port |(russia)|, Kronshtadt |(russia)|, St. Petersburg |(russia)|, North Port |(Malaysia)"
9318022,CHARMINAR,20250730,IRAN-EO13902,1,Charminar Lines Inc c/o Algae Ship Charter FZCO (6371808 / United Arab Emirates / 04.01.2023),Algae Ship Charter FZCO (6508402 / United Arab Emirates / 01.06.2024),Alacritas Shipping FZE (0044101 / United Arab Emirates / 26.02.2025),East Point / Northern Light,Italy|/ |Marshall Islands|/ |Panama,2006,Stx Shipbuilding Co. Ltd.,"Sanctions |USA |,  |Ukraine ","Algeciras Bay |(Spain)|, Antwerpen |(Belgium)|, Vysotsk |(russia)|, Itacoatiara |(Brazil)|, Itaqui |(Brazil)|, Lagos |(Nigeria)|, Las Palmas |(Spain)|, Ras Isa Marine Terminal |(People's Democratic Republic of Yemen)|, Saleef |(People's Democratic Republic of Yemen)|, Port Said |(Egypt)|, Abidjan |(Ivory Coast)|, Ust-Luga |(russia)|, St Petersburg Fish Port |(russia)|, Primorsk |(russia)|, Skaw |(Denmark)|, Port Bouet Tanker Terminal |(Ivory Coast)|, Tema |(Ghana)|, Fortaleza |(Brazil)|, St. Petersburg |(russia)|, Tuzla Shipyard |(Turkey)|, Doraleh |(Djibouti)|, Korous-1 |(Egypt)|, Vassiliko Power Station |(Cyprus)"
9553957,COURAGE 7,20250730,IRAN-EO13846,1,Aaa Maritime Shipping SA (6100681 / Panama / 25.11.2019),Etihad Engineering & Marine Services Fzc (5700690 / United Arab Emirates / 25.11.2019),Eternal Ship Management (6472403 / India / 17.04.2025),Iver Courage,Marshall Islands|/ |Gabon,2015,East Star Shipbuilding,Sanctions |USA ,"Khor Al Zubair |(Iraq)|, Al Basra Oil Terminal |(Iraq)|, Mina Saqr |(UAE)|, Hulaylah |(UAE)|, Sharjah Offshore Terminal |(UAE)"
9122473,DHANU,20250730,IRAN-EO13902,1,Vjose Shipping Inc c/o Reel Shipping LLC (6303858 / United Arab Emirates / 29.03.2022),Reel Shipping LLC (6416765 / United Arab Emirates / 20.06.2023),Neptoria Ship Management FZ-LLC (0112303 / United Arab Emirates / 17.02.2025),Sagittarius / DAL Madagascar / CMA CGM Ipanema / Sagittarius / Sl Gulliver / Kabul / Dhanu,Liberia|/ |Germany|/ |Panama|/ |Saint Kitts and Nevis,2001,Stocznia Szczecinska Nowa Sp Z.o.o.,Sanctions |USA ,"Baltiysk |(russia)|, Casablanca |(Morocco)|, Damietta (Dumyat) |(Egypt)|, Itajai |(Brazil)|, Las Palmas |(Spain)|, Novorossiysk |(russia)|, Paranagua |(Brazil)|, Rio Grande |(Brazil)|, St Petersburg Fish Port |(russia)|, Barnabe Island Terminal |(Brazil)|, Navegantes |(Brazil)|, Kronshtadt |(russia)|, Endesa |(Spain)|, Sao Francisco do Sul Marine Terminal |(Brazil)"
9012886,ELKE,20250730,IRAN-EO13902,1,Nova Lines Inc (6506627 / Marshall Islands / 07.07.2024),Nova Lines Inc (6506627 / Marshall Islands / 07.07.2024),Argos Shipping & Mgmt - FZE (0192865 / United Arab Emirates / 29.05.2025),Musashi Gloria / Red Rum / Gas Sapphire / Takao Gas / Fabio Gas / Fabino Gas / Elke,Japan|/ |Singapore|/ |Panama|/ |India|/ |Marshall Islands|/ |Palau,1993,Kawasaki Heavy Industries,Sanctions |USA ,"Khor Fakkan |(UAE)|, Qinzhou |(PRC)|, Sohar |(Oman)|, Jinshan |(PRC)|, Gaolan |(PRC)"
9387279,ETHERA,20250730,IRAN-EO13902,1,Fleet Armada Pvt Ltd (0309949 / India / 29.09.2025),Fleet Armada Pvt Ltd (0309949 / India / 29.09.2025),Unknown (29.09.2025),Energy Progress / Lhotse,Isle of Man|/ |Panama,2008,Sungdong Shipbuilding & Marine Engineering Co. Ltd.,"Sanctions |USA |,  |EU |,  |Switzerland |,  |Ukraine |,  |UK |,  |Canada ","Delta Terminal |(Turkey)|, Malaga |(Spain)|, Mersin |(Turkey)|, Novorossiysk |(russia)|, Paranagua |(Brazil)|, Santos |(Brazil)|, Tanger Med |(Morocco)|, Tarragona |(Spain)|, TamanNefteGaz CJSC |(russia)|, Primorsk |(russia)|, Sharjah |(UAE)|, Altinova- Shipyard |(Turkey)|, Cotonou |(Benin)|, St. Petersburg |(russia)|, Tuzla Shipyard |(Turkey)"
9308065,EVENTIN Crude Oil Tanker Unknown flag; Former Vessel Flag Panama; Vessel Year of,20250730,IRAN-EO13902,1,Laliya Shipping Corp (6505782 / Marshall Islands / 22.05.2024),Vaigai Lines Inc (6337157 / Marshall Islands / 22.02.2024),Unknown (08.04.2025),Storviken / Charvi,Norway|/ |Bahamas|/ |Panama,2006,Samsung Shipbuilding & Heavy Industries Co. Ltd.,"Sanctions |EU |,  |Switzerland |,  |UK |,  |USA |,  |Canada |,  |Ukraine ","Khor Fakkan |(UAE)|, Lanshan |(PRC)|, Mundra |(India)|, Ningbo |(PRC)|, Novorossiysk |(russia)|, Ras Tanura |(Saudi Arabia)|, Marport West (Soyak) Terminal |(Turkey)|, Mumbai |(India)|, Ust-Luga |(russia)|, Suez |(Egypt)|, Sadat |(Egypt)|, Jeddah |(Saudi Arabia)|, Primorsk |(russia)|, Adabiya |(Egypt)|, New Mangalore |(India)|, Visakhapatnam |(India)|, Skaw |(Denmark)|, Kochin |(India)|, Jamnagar- Sikka |(India)|, Sassnitz |(Germany)|, Port Rashid |(UAE)"
9348493,GAUJA,20250730,IRAN-EO13902,1,Gauja Lines Inc c/o Reel Shipping LLC (6401581 / United Arab Emirates / 08.05.2023),Reel Shipping LLC (6416765 / United Arab Emirates / 10.05.2023),Vizoro Shipping FZE (0114503 / United Arab Emirates / 27.01.2025),Hammonia Xenia / TS Hongkong,Liberia|/ |Germany|/ |Panama,2006,Jiangsu Yangzijiang Shipbuilding Co. Ltd.,Sanctions |USA ,"Ambarli |(Turkey)|, Baltiysk |(russia)|, Calais |(France)|, Casablanca |(Morocco)|, Damietta (Dumyat) |(Egypt)|, Itajai |(Brazil)|, Paranagua |(Brazil)|, Porto Grande |(Cape Verde)|, Rio Grande |(Brazil)|, Port Said |(Egypt)|, St Petersburg Fish Port |(russia)|, Barnabe Island Terminal |(Brazil)|, Jebel Ali |(UAE)|, Bashayer 1 Oil Terminal |(South Sudan)"
9299707,GUANYIN,20250730,IRAN-EO13902,1,Rptd Sold Undisclosed Interest (30.07.2025),Rptd Sold Undisclosed Interest (30.07.2025),Unknown (30.07.2025),NS Concept,Liberia,2005,Hyundai Heavy Industries Co. Ltd.,American Steamship Owner P&I association,"Beshayer Oil Terminal |(Sudan)|, Gdansk |(Poland)|, Longkou |(PRC)|, Mundra |(India)|, Nantong |(PRC)|, Sidi Kerir |(Egypt)|, Tuapse |(russia)|, Ust-Luga |(russia)|, Primorsk |(russia)|, Fujairah |(UAE)|, Vadinar |(India)|, Jamnagar- Sikka |(India)"
9354167,HAKUNA MATATA,20250730,IRAN-EO13902,1,Zhe Yin Shan Zhou No 1 Tianjin c/o Sea Lead Shipping Pte Ltd (6488908 / Singapore / 24.05.2024),Draco Buren Shipping Pte Ltd (6189536 / Singapore / 25.08.2025),Draco Buren Shipping Pte Ltd (6189536 / Singapore / 03.03.2022),NYK Terra / X-Press Annapurna,Panama|/ |Singapore,2008,Hyundai Heavy Industries Co. Ltd.,Sanctions |USA ,"Ambarli |(Turkey)|, Damietta (Dumyat) |(Egypt)|, Mersin |(Turkey)|, Shanghai |(PRC)|, Port Said |(Egypt)|, Suez |(Egypt)|, Jeddah |(Saudi Arabia)|, Qianwan |(PRC)|, Yangshan |(PRC)|, Nansha |(PRC)|, Qingdao |(PRC)|, Suanshan |(PRC)|, Dagang |(PRC)|, Shulanghu |(PRC)|, North Port |(Malaysia)|, Aktas Terminal |(Turkey)"
9554822,IANTHE,20250730,IRAN-EO13902,1,Ravi Lines Inc (6337161 / Marshall Islands / 01.10.2024),Ravi Lines Inc (6337161 / Marshall Islands / 01.10.2024),Trexsea Shipping FZE (0056593 / United Arab Emirates / 09.11.2024),Petro Alpha / Black Jade / Ianthe,Republic of Korea|/ |Panama,2012,Shenghua Shipbuilding,Hydor AS,"Durban |(Republic of South Africa)|, Khor Al Zubair |(Iraq)|, Khor Fakkan |(UAE)|, Nacala |(Mozambique)|, Sharjah |(UAE)|, Ajman |(UAE)|, Jebel Ali |(UAE)|, Hamriyah Free Zone Port |(UAE)"
9247778,IRIS,20250730,IRAN-EO13902,1,Rptd Sold Undisclosed Interest (30.07.2025),Rptd Sold Undisclosed Interest (30.07.2025),Unknown (30.07.2025),San Jacinto / Torm San Jacinto / Sabella / Iris,Marshall Islands|/ |Denmark|/ |Panama|/ |Palau,2002,Onomichi Dockyard,"Sanctions |USA |,  |Ukraine |,  |EU |,  |Switzerland |,  |UK |,  |Canada ","Karachi |(Pakistan)|, Mersin |(Turkey)|, Port Said |(Egypt)|, Suez |(Egypt)|, Fujairah |(UAE)|, Ajman |(UAE)|, Sohar |(Oman)|, Khasab |(Oman)|, Hamriyah Free Zone Port |(UAE)|, Mubarek Terminal |(UAE)"
9282106,KANTI,20250730,IRAN-EO13902,1,Kanti Lines Inc (6503481 / Marshall Islands / 24.10.2024),Kanti Lines Inc (6503481 / Marshall Islands / 24.10.2024),Mares Shipping & Management (6502607 / Hong Kong / 24.10.2024),Oriental Queen / Artemis Gas / Luna / Kanti,Hong Kong|/ |Panama|/ |Comoros|/ |San Marino,2004,Universal Shipbuilding Corp,Sanctions |USA ,"Chaozhou |(PRC)|, Sirri Island |(Iran)|, Khor Fakkan |(UAE)|, Soroosh Terminal |(Iran)|, Galle |(Sri Lanka)|, Sohar |(Oman)|, Lavan Island |(Iran)|, Jinshan |(PRC)|, Khemco Terminal |(Iran)|, Xinsha |(PRC)|, Gaolan |(PRC)"
9189146,KYLO,20250730,IRAN-EO13902,1,Kylo Shipping Inc (6502638 / Marshall Islands / 22.05.2024),Kylo Shipping Inc (6502638 / Marshall Islands / 22.05.2024),Atma Shipping FZE (0024261 / United Arab Emirates / 24.10.2024),Four Smile / Metis / Memphis,Cayman Islands|/ |Germany|/ |Italy|/ |Cyprus|/ |Panama|/ |Cook Islands|/ |San Marino|/ |Comoros,2001,Samsung Shipbuilding & Heavy Industries Co. Ltd.,"Sanctions |UK |,  |USA |,  |EU |,  |Switzerland |,  |Ukraine |,  |Canada |,  |New Zealand |,  |Australia ","Al Basrah |(Iraq)|, Alger |(Algeria)|, Jurong Island |(Singapore)|, Khor Fakkan |(UAE)|, Nemrut Bay |(Turkey)|, Novorossiysk |(russia)|, Pulau Bukom |(Singapore)|, Yantai |(PRC)|, Port Said |(Egypt)|, Marport West (Soyak) Terminal |(Turkey)|, Ust-Luga |(russia)|, Suez |(Egypt)|, Sadat |(Egypt)|, Dongjiakou |(PRC)|, Primorsk |(russia)|, Galle |(Sri Lanka)|, Tanjong Pagar |(Singapore)|, Fujairah |(UAE)|, Adabiya |(Egypt)|, Jamnagar- Sikka |(India)|, Port Rashid |(Egypt)|, Qingdao |(PRC)|, Gelendzhik |(russia)"
9330501,LIDIA,20250730,IRAN-EO13902,1,Lidia Seaway Inc c/o Draco Buren Shipping Pte Ltd (6389226 / Singapore / 02.04.2023),Draco Buren Shipping Pte Ltd (6189536 / Singapore / 22.08.2025),Draco Buren Shipping Pte Ltd (6189536 / Singapore / 19.07.2024),Ital Fulgida / Uni Fulgent / Fulgent / Bomar Fulgent / Tintin,Italy|/ |Panama|/ |Liberia,2007,Hyundai Mipo Dockyard Co. Ltd.,Sanctions |USA ,"Jinhae |(Republic of Korea)|, Long Beach |(USA)|, Shanghai |(PRC)|, Sokhna Port Gas Tanker Terminal |(Egypt)|, Jeddah |(Saudi Arabia)|, Nianyuwan |(PRC)|, Qianwan |(PRC)|, Nansha |(PRC)|, Suanshan |(PRC)|, North Port |(Malaysia)|, Rasif El Sharkiyoun |(Egypt)"
9571052,MAHADEV,20250730,IRAN-EO13902,1,Mahadev Maritime INC-LIB 8 (0093841 / Liberia / 08.11.2024),Mahadev Maritime INC-LIB 8 (0093841 / Liberia / 08.11.2024),Unknown (08.08.2025),Wen Zhou Wan / JS Nanjing / Ocean Crystal / Clymene / Kailash,Hong Kong|/ |Panama|/ |Republic of Korea|/ |Palau,2011,Taizhou Wuzhou Shipbuilding,Hydor AS,"Khor Al Amaya Oil Terminal |(Iraq)|, Khor Fakkan |(UAE)|, Teluk Bayur |(Indonesia)|, Al Basra Oil Terminal |(Iraq)|, Sharjah |(UAE)|, New Mangalore |(India)|, Haldia |(India)|, Jebel Ali |(UAE)"
9388027,MANASLU,20250730,IRAN-EO13902,1,Fleet Armada Pvt Ltd (0309949 / India / 03.10.2025),Fleet Armada Pvt Ltd (0309949 / India / 03.10.2025),Unknown (03.10.2025),Energy Puma,Isle of Man|/ |Panama,2008,Sungdong Shipbuilding & Marine Engineering Co. Ltd.,North of England P&I Association,"Algeciras Bay |(Spain)|, Aliaga |(Turkey)|, Anapa |(russia)|, Antwerpen |(Belgium)|, Conakry |(Guinea)|, Dakar |(Senegal)|, Dumai |(Indonesia)|, Marsaxlokk |(Malta)|, Mohammedia |(Morocco)|, Novorossiysk |(russia)|, Santa Cruz De Tenerife |(Spain)|, Santos |(Brazil)|, Tanger Med |(Morocco)|, Tuapse |(russia)|, Zeytinburnu |(Turkey)|, Abidjan |(Ivory Coast)|, Ust-Luga |(russia)|, TamanNefteGaz CJSC |(russia)|, St Petersburg Fish Port |(russia)|, Kamysh-Burun |(Ukraine)|, Chennai |(India)|, Akcansa Canakkale |(Turkey)|, Primorsk |(russia)|, Adabiya |(Egypt)|, Pendik |(Turkey)|, Zhelezny Rog |(russia)|, Skaw |(Denmark)|, Alemoa Terminal |(Brazil)|, Benghazi |(Libya)|, Kakinada |(India)|, Tuticorin |(India)|, Marsa al Hariga |(Libya)|, Gelendzhik |(russia)|, Jebel Ali |(UAE)|, St. Petersburg |(russia)|, Tuzla Shipyard |(Turkey)"
9332315,MISHELL,20250730,IRAN-EO13902,1,Rptd Sold Undisclosed Interest (30.07.2025),Rptd Sold Undisclosed Interest (30.07.2025),Unknown (30.07.2025),Atlantic Gemini / Ridgebury Voyager,Hong Kong|/ |Marshall Islands|/ |Panama,2008,Hyundai Mipo Dockyard Co. Ltd.,Sanctions |USA ,"Balboa |(Panama)|, Gemlik |(Turkey)|, Mersin |(Turkey)|, Nakhodka |(russia)|, Novorossiysk |(russia)|, Puerto Del Callao |(Peru)|, Arica |(Chile)|, Marport West (Soyak) Terminal |(Turkey)|, Batumi |(Georgia)|, TamanNefteGaz CJSC |(russia)|, Kamysh-Burun |(Ukraine)|, Suez |(Egypt)|, Sadat |(Egypt)|, Akcansa Canakkale |(Turkey)|, Kozmino |(russia)|, Primorsk |(russia)|, Lome |(Togo)|, El dekheila |(Egypt)|, Agioi Theodoroi Port |(Greece)|, Colon |(Panama)|, Icdas |(Turkey)|, Bahia Las Minas |(Panama)|, Gelendzhik |(russia)|, Isthmia |(Greece)|, Sarkoy |(Turkey)"
9292151,MOANA,20250730,IRAN-EO13902,1,Moana Shipping Inc c/o Sea Lead Shipping Pte Ltd (6359540 / Singapore / 01.12.2022),Draco Buren Shipping Pte Ltd (6189536 / Singapore / 27.08.2025),Draco Buren Shipping Pte Ltd (6189536 / Singapore / 11.01.2022),Maersk Dortmund / HS Humboldt / Maine Trader / Moana,Germany|/ |Malta|/ |Liberia,2004,Hanjin Heavy Industries Co. Ltd,Sanctions |USA ,"Ambarli |(Turkey)|, Damietta (Dumyat) |(Egypt)|, Derince Burnu |(Turkey)|, Port Said |(Egypt)|, Suez |(Egypt)|, Jeddah |(Saudi Arabia)|, Yangshan |(PRC)|, Pendik |(Turkey)|, Suanshan |(PRC)|, Shulanghu |(PRC)|, North Port |(Malaysia)"
9531375,MOLLY,20250730,IRAN-EO13846,1,Etihad Engineering & Marine Services Fzc (5700690 / United Arab Emirates / 19.03.2020),Etihad Engineering & Marine Services Fzc (5700690 / United Arab Emirates / 19.03.2020),Etihad Engineering & Marine Services Fzc (5700690 / United Arab Emirates / 19.03.2020),Magoshine / Tamim,Marshall Islands|/ |Saint Kitts and Nevis|/ |Comoros,2013,Dong Ming Shipbuilding & Repairing,Sanctions |USA ,"Khor Al Zubair |(Iraq)|, Al Basra Oil Terminal |(Iraq)|, Ajman |(UAE)|, Magdalla |(India)|, Sharjah Offshore Terminal |(UAE)|, Hamriyah Free Zone Port |(UAE)"
9336490,MYRA,20250730,IRAN-EO13902,1,Rptd Sold Undisclosed Interest (30.07.2025),Rptd Sold Undisclosed Interest (30.07.2025),Rptd Sold Undisclosed Interest (30.07.2025),Summit Europe / Hafnia Europe / Aristos,Cyprus|/ |Singapore|/ |Liberia|/ |Panama,2006,Onomichi Dockyard,"Sanctions |USA |,  |EU |,  |Switzerland |,  |Ukraine |,  |UK |,  |Canada ","Dakar |(Senegal)|, Itaqui |(Brazil)|, Mersin |(Turkey)|, Vila Do Conde |(Brazil)|, Marport West (Soyak) Terminal |(Turkey)|, Zeytinburnu |(Turkey)|, Ust-Luga |(russia)|, Akcansa Canakkale |(Turkey)|, Primorsk |(russia)|, Vene-Balti |(Estonia)|, Pendik |(Turkey)|, Skaw |(Denmark)|, Icdas |(Turkey)|, Tuzla Shipyard |(Turkey)"
9439541,NEMRUT,20250730,IRAN-EO13902,1,the Zulu Ships Management & Operation - Sole Proprietorship LLC (6509771 / United Arab Emirates / 10.10.2024),the Zulu Ships Management & Operation - Sole Proprietorship LLC (6509771 / United Arab Emirates / 10.10.2024),Unknown (19.03.2026),Sea Hope / Bay Trezor,Hong Kong|/ |Liberia,2009,Jinhaiwan Shipbuilding,"Sanctions |USA |,  |EU |,  |Switzerland |,  |Ukraine |,  |UK |,  |Canada ","Marsaxlokk |(Malta)|, Pulau Sambu |(Indonesia)|, Pulau Sebarok |(Singapore)|, Zeytinburnu |(Turkey)|, Ust-Luga |(russia)|, Suez |(Egypt)|, Sadat |(Egypt)|, Belokamenka |(russia)|, Primorsk |(russia)|, Tanjong Pagar |(Singapore)|, Adabiya |(Egypt)|, Vadinar Terminal |(India)|, Skaw |(Denmark)|, Icdas |(Turkey)|, Pulau Ayer Chawan |(Singapore)"
9400980,OMNI,20250730,IRAN-EO13902,1,Rptd Sold Undisclosed Interest (30.07.2025),Rptd Sold Undisclosed Interest (30.07.2025),Rptd Sold Undisclosed Interest (30.07.2025),Oracle / Harmonia / Abha / Omni,Bahamas|/ |Panama,2008,Sumitomo Heavy Industries,"Sanctions |USA |,  |EU |,  |Switzerland |,  |Ukraine |,  |UK |,  |Canada ","Genoa |(Italy)|, Jurong Island |(Singapore)|, Lanshan |(PRC)|, Mundra |(India)|, Ningbo |(PRC)|, Pulau Bukom |(Singapore)|, Ras Tanura |(Saudi Arabia)|, Sines |(Portugal)|, La Skhirra |(Tunisia)|, Ust-Luga |(russia)|, TamanNefteGaz CJSC |(russia)|, Kozmino |(russia)|, Primorsk |(russia)|, Fujairah |(UAE)|, Bizerte |(Tunisia)|, Jamnagar- Sikka |(India)|, Ain Sukhna Terminal |(Egypt)|, Gulei |(PRC)|, Jebel Ali |(UAE)|, St. Petersburg |(russia)|, King Fahd |(Saudi Arabia)"
9400112,PINOCCHIO,20250730,IRAN-EO13902,1,Zhe Yin Shan Zhou No 2 Tianjin c/o Sea Lead Shipping Pte Ltd (6488911 / Singapore / 03.06.2024),Draco Buren Shipping Pte Ltd (6189536 / Singapore / 24.08.2025),Draco Buren Shipping Pte Ltd (6189536 / Singapore / 21.04.2021),Conti San Francisco / Zim San Francisco / San Francisco IІ / Seamelody,Germany|/ |Malta,2009,Daewoo Shipbuilding & Marine Engineering Co. Ltd.,Sanctions |USA ,"Ambarli |(Turkey)|, Damietta (Dumyat) |(Egypt)|, Derince Burnu |(Turkey)|, Mersin |(Turkey)|, Shanghai |(PRC)|, Sokhna Port Gas Tanker Terminal |(Egypt)|, Port Said |(Egypt)|, Jeddah |(Saudi Arabia)|, Qianwan |(PRC)|, Adabiya |(Egypt)|, Nansha |(PRC)|, Erman |(PRC)|, Jingjiang |(PRC)|, Suanshan |(PRC)|, Doraleh |(Djibouti)|, North Port |(Malaysia)|, Rasif El Sharkiyoun |(Egypt)"
9302566,PUMBA,20250730,IRAN-EO13902,1,Pumbaa Shipping Inc c/o Draco Buren Shipping Pte Ltd (6289028 / Singapore / 17.05.2022),Draco Buren Shipping Pte Ltd (6189536 / Singapore / 24.08.2025),Draco Buren Shipping Pte Ltd (6189536 / Singapore / 17.05.2022),MSC Benedetta / Sct Santiago / S Santiago / ANL Wantirna,Singapore|/ |Panama|/ |Marshall Islands|/ |Liberia,2006,Hanjin Heavy Industries Co. Ltd,Sanctions |USA ,"Ambarli |(Turkey)|, Damietta (Dumyat) |(Egypt)|, Khor Fakkan |(UAE)|, Nemrut Bay |(Turkey)|, Ras Gharib |(Egypt)|, Ras Sudr |(Egypt)|, Port Said |(Egypt)|, Marport West (Soyak) Terminal |(Turkey)|, Suez |(Egypt)|, Darica |(Turkey)|, Yangshan |(PRC)|, Yalova |(Turkey)|, Nansha |(PRC)|, Suanshan |(PRC)|, North Port |(Malaysia)|, Aktas Terminal |(Turkey)"
9307023,RANTANPLAN,20250730,IRAN-EO13902,1,Xiang H71 International Ship c/o Sea Lead Shipping Pte Ltd (6306720 / Singapore / 07.06.2024),Draco Buren Shipping Pte Ltd (6189536 / Singapore / 18.08.2025),Draco Buren Shipping Pte Ltd (6189536 / Singapore / 14.09.2021),Canada Express / OOCL Dubai,Hong Kong|/ |Singapore,2006,Koyo Dockyard Co. Ltd,Sanctions |USA ,"Ambarli |(Turkey)|, Damietta (Dumyat) |(Egypt)|, Derince Burnu |(Turkey)|, Khor Fakkan |(UAE)|, Mersin |(Turkey)|, Port Said |(Egypt)|, Adabiya |(Egypt)|, Yangshan |(PRC)|, Nansha |(PRC)|, Suanshan |(PRC)|, Shulanghu |(PRC)|, North Port |(Malaysia)"
9236652,ROB,20250730,IRAN-EO13902,1,Rob Shipping Inc c/o Reel Shipping LLC (6301746 / United Arab Emirates / 01.04.2022),Reel Shipping LLC (6416765 / United Arab Emirates / 26.01.2023),Neptoria Ship Management FZ-LLC (0112303 / United Arab Emirates / 17.01.2025),Katharina / CSCL Lianyungang / MOL Symphony / Katharinas / Kent Trader / Marina Jade / Mogly / Rob,Germany|/ |Malta|/ |Liberia,2001,Nordseewerke Gmbh,Sanctions |USA ,"Baltiysk |(russia)|, Casablanca |(Morocco)|, Damietta (Dumyat) |(Egypt)|, Port Said |(Egypt)|, St Petersburg Fish Port |(russia)"
9251640,SEABASS,20250730,IRAN-EO13846,1,Etihad Engineering & Marine Services Fzc (5700690 / United Arab Emirates / 17.08.2021),Etihad Engineering & Marine Services Fzc (5700690 / United Arab Emirates / 17.08.2021),Etihad Engineering & Marine Services Fzc (5700690 / United Arab Emirates / 15.02.2022),Flags (former)|Liberia|/ |Germany|/ |Comoros,Liberia|/ |Germany|/ |Comoros,2001,Lindenau Shipyard,Sanctions |USA ,"Khor Al Zubair |(Iraq)|, Khor Fakkan |(UAE)|, Assaluyeh |(Iran)|, Fujairah |(UAE)|, Ajman |(UAE)|, Sharjah Offshore Terminal |(UAE)|, Hamriyah Free Zone Port |(UAE)"
9255488,SEAHAKER,20250730,IRAN-EO13846,1,Seahaker Shipping Ltd (6419858 / Marshall Islands / 14.07.2023),Etihad Engineering & Marine Services Fzc (5700690 / United Arab Emirates / 14.07.2023),Etihad Engineering & Marine Services Fzc (5700690 / United Arab Emirates / 18.07.2023),Seahake,Germany|/ |Barbados|/ |Comoros,2003,Lindenau Shipyard,Sanctions |USA ,"Khor Al Zubair |(Iraq)|, Khor Fakkan |(UAE)|, Fujairah |(UAE)|, Sharjah |(UAE)|, Ajman |(UAE)|, Jebel Ali |(UAE)|, Sharjah Offshore Terminal |(UAE)|, Hamriyah Free Zone Port |(UAE)"
9204764,SEATURBO,20250730,IRAN-EO13846,1,Etihad Engineering & Marine Services Fzc (5700690 / United Arab Emirates / 09.07.2021),Etihad Engineering & Marine Services Fzc (5700690 / United Arab Emirates / 09.07.2021),Etihad Engineering & Marine Services Fzc (5700690 / United Arab Emirates / 09.07.2021),Flags (former)|Germany|/ |Comoros,Germany|/ |Comoros,2000,Lindenau Shipyard,Sanctions |USA ,"Khor Al Zubair |(Iraq)|, Khor Fakkan |(UAE)|, Fujairah |(UAE)|, Sharjah |(UAE)|, Sharjah Offshore Terminal |(UAE)"
9719862,SIMBA,20250730,IRAN-EO13902,1,Ruby River Shipping Ltd c/o Sea Lead Shipping Pte Ltd (6372749 / Singapore / 27.01.2023),Sea Lead Shipping Pte Ltd (6104579 / Singapore / 23.12.2021),Draco Buren Shipping Pte Ltd (6189536 / Singapore / 30.12.2021),Cape Chronos,Cyprus|/ |Liberia,2015,Hanjin Subic Shipyard,Sanctions |USA ,"Damietta (Dumyat) |(Egypt)|, Sokhna Port Gas Tanker Terminal |(Egypt)|, Tianjin |(PRC)|, Port Said |(Egypt)|, Suez |(Egypt)|, Meishan |(PRC)|, Aoshan Oil Terminal |(PRC)|, Qianwan |(PRC)|, Yangshan |(PRC)|, Nansha |(PRC)|, Ain Sukhna Terminal |(Egypt)|, Suanshan |(PRC)|, North Port |(Malaysia)|, Dayao Bay |(PRC)"
9531387,SOFIA,20250730,IRAN-EO13846,1,Aaa Maritime Shipping SA c/o Etihad Engineering & Marine Services Fzc (6100681 / United Arab Emirates / 29.04.2019),Etihad Engineering & Marine Services Fzc (5700690 / United Arab Emirates / 29.04.2019),Unknown (10.05.2024),Krystallon / Magofortune / Sofia,Marshall Islands|/ |Comoros,2013,Dong Ming Shipbuilding & Repairing,Sanctions |USA ,"Khor Al Zubair |(Iraq)|, Ajman |(UAE)|, Sharjah Offshore Terminal |(UAE)|, Hamriyah Free Zone Port |(UAE)"
9436484,STAR,20250730,IRAN-EO13902,1,Star Seaway SA c/o Sea Lead Shipping Pte Ltd (6366161 / Singapore / 17.03.2023),Draco Buren Shipping Pte Ltd (6189536 / Singapore / 20.08.2025),Draco Buren Shipping Pte Ltd (6189536 / Singapore / 08.07.2024),HS Debussy / SCI New Delhi / Hs Debussy / Gh Scirocco / Sonic / Sila 3,Germany|/ |Marshall Islands|/ |Liberia,2009,,Sanctions |USA ,"Busan |(Republic of Korea)|, Long Beach |(USA)|, Manzanillo |(Mexico)|, Shanghai |(PRC)|, Jeddah |(Saudi Arabia)|, Nianyuwan |(PRC)|, Qianwan |(PRC)|, Nansha |(PRC)|, Jingjiang |(PRC)|, Suanshan |(PRC)|, Suanshan |(PRC)|, Rasif El Sharkiyoun |(Egypt)|, Baoshan |(PRC)"
9282481,TAGOR,20250730,IRAN-EO13902,1,the Zulu Ships Management & Operation - Sole Proprietorship LLC (6509771 / United Arab Emirates / 30.07.2025),the Zulu Ships Management & Operation - Sole Proprietorship LLC (6509771 / United Arab Emirates / 08.12.2024),Unknown (30.07.2025),British Gannet / Piper / Priapus,Isle of Man|/ |Marshall Islands|/ |Panama,2005,Samsung Shipbuilding & Heavy Industries Co. Ltd.,"Sanctions |USA |,  |EU |,  |Switzerland |,  |Ukraine |,  |UK |,  |Canada ","Map Ta Phut |(Thailand)|, Mundra |(India)|, Ningbo |(PRC)|, Perama |(Greece)|, Ras Sudr |(Egypt)|, Port Said |(Egypt)|, Ust-Luga |(russia)|, Suez |(Egypt)|, Khor al Fakkan |(UAE)|, Primorsk |(russia)|, Vene-Balti |(Estonia)|, Duqm |(Oman)|, Skaw |(Denmark)|, Jamnagar- Sikka |(India)|, Ain Sukhna Terminal |(Egypt)|, Dung Quat |(Vietnam)|, King Fahd |(Saudi Arabia)"
9408695,TASSOS,20250730,IRAN-EO13902,1,Tassos International Ltd c/o the Zulu Ships Management & Operation - Sole Proprietorship LLC (0059289 / United Arab Emirates / 10.10.2024),the Zulu Ships Management & Operation - Sole Proprietorship LLC (6509771 / United Arab Emirates / 09.09.2024),the Zulu Ships Management & Operation - Sole Proprietorship LLC (6509771 / United Arab Emirates / 09.09.2024),Roxen Star / Seasalvia / Front Balder / Bay Global,Panama|/ |Marshall Islands|/ |Liberia,2009,Nantong Rongsheng Shipbuilding,North of England P&I Association,"Algeciras Bay |(Spain)|, Canaport (St. John) |(Canada)|, Corpus Christi |(USA)|, Fos |(France)|, Mundra |(India)|, Sidi Kerir |(Egypt)|, Marport West (Soyak) Terminal |(Turkey)|, Ust-Luga |(russia)|, Vladivostok Fish Port |(russia)|, Primorsk |(russia)|, Adabiya |(Egypt)|, Sheskharis |(russia)|, Visakhapatnam |(India)|, Jamnagar- Sikka |(India)|, Porto Du Acu |(Brazil)|, Brofjorden |(Sweden)|, Qua Iboe |(Nigeria)|, Ra's al maajjiz |(Saudi Arabia)"
9237084,TB ANPING,20250730,IRAN-EO13902,1,Jasper Seaway Inc (0254548 / Marshall Islands / 31.07.2025),Reel Shipping LLC (6416765 / United Arab Emirates / 31.07.2025),Unknown (31.07.2025),Wan Hai 306 / Tb Anping,Singapore|/ |Liberia,2002,Csbc Corporation,Sanctions |USA ,"Baltiysk |(russia)|, Damietta (Dumyat) |(Egypt)|, Port Said |(Egypt)|, Pionerskiy |(russia)"
9246322,TEX,20250730,IRAN-EO13902,1,Rasool Shirazi (0436713 / Iran / 15.02.2026),Rasool Shirazi (0436713 / Iran / 15.02.2026),Draco Buren Shipping Pte Ltd (6189536 / Singapore / 08.08.2024),Maersk Norfolk / E. R. Bremen / CCNI Manzanillo / Puccini / Sl Tweety / Tex,Germany|/ |Panama|/ |Liberia,2003,Ssw Schichau Seebeck Shipyard,Sanctions |USA ,"Ambarli |(Turkey)|, Damietta (Dumyat) |(Egypt)|, Mersin |(Turkey)|, Mundra |(India)|, Novorossiysk |(russia)|, Shanghai |(PRC)|, Sokhna Port Gas Tanker Terminal |(Egypt)|, Port Said |(Egypt)|, Suez |(Egypt)|, Jeddah |(Saudi Arabia)|, Beldeport |(Turkey)|, Sheskharis |(russia)|, Colombo |(Sri Lanka)|, Nhava Sheva |(India)|, Jebel Ali |(UAE)|, Doraleh |(Djibouti)|, Bandar Shahid Rejaee |(Iran)"
9273337,TIFANI,20250730,IRAN-EO13846,1,World Crew Provider NV (6347431 / Suriname / 03.08.2022),Ensa Ship Management Pvt Ltd (0108782 / India / 18.12.2024),Ensa Ship Management Pvt Ltd (0108782 / India / 18.12.2024),Bunga Kasturi / Amfitriti / Anahi,Malaysia|/ |Saint Kitts and Nevis|/ |Tanzania|/ |Cameroon|/ |Panama|/ |Palau,2003,Universal Shipbuilding Corp,Sanctions |USA ,"Lanshan |(PRC)|, Soroosh Terminal |(Iran)|, Dongjiakou |(PRC)|, Galle |(Sri Lanka)|, Tanjong Pagar |(Singapore)|, Tanjung pengelih |(Malaysia)|, Nansha |(PRC)|, Pengerang |(Malaysia)|, Salalah |(Oman)|, Rotaport |(Turkey)"
9415844,TIMON,20250730,IRAN-EO13902,1,Xiang T98 HK International (6086126 / Hong Kong / 03.06.2024),Draco Buren Shipping Pte Ltd (6189536 / Singapore / 09.08.2025),Draco Buren Shipping Pte Ltd (6189536 / Singapore / 03.12.2021),Uasc Yanbu / RDO Concert / Rdo Concert,Germany,2009,Hyundai Heavy Industries Co. Ltd.,Sanctions |USA ,"Ambarli |(Turkey)|, Damietta (Dumyat) |(Egypt)|, Mersin |(Turkey)|, Sokhna Port Gas Tanker Terminal |(Egypt)|, Port Said |(Egypt)|, Jeddah |(Saudi Arabia)|, Qianwan |(PRC)|, Adabiya |(Egypt)|, Yangshan |(PRC)|, Nansha |(PRC)|, Icdas |(Turkey)|, Teluk Rubiah |(Malaysia)|, Suanshan |(PRC)|, North Port |(Malaysia)"
9298492,TOA PAYOH,20250730,IRAN-EO13902,1,Rptd Sold Undisclosed Interest (30.07.2025),Rptd Sold Undisclosed Interest (30.07.2025),Unknown (30.07.2025),North Point / Northern Ocean,Italy|/ |Marshall Islands|/ |Panama,2005,Stx Shipbuilding Co. Ltd.,"Sanctions |USA |,  |EU |,  |Ukraine |,  |Switzerland |,  |Canada |,  |UK ","Aliaga |(Turkey)|, Ambarli |(Turkey)|, Constantza |(Romania)|, Izmit |(Turkey)|, Khor Fakkan |(UAE)|, Las Palmas |(Spain)|, Novorossiysk |(russia)|, Ras Isa Marine Terminal |(People's Democratic Republic of Yemen)|, Samsun |(Turkey)|, Port Said |(Egypt)|, Marport West (Soyak) Terminal |(Turkey)|, Abidjan |(Ivory Coast)|, Ust-Luga |(russia)|, Kamysh-Burun |(Ukraine)|, Suez |(Egypt)|, Primorsk |(russia)|, Lome |(Togo)|, Opet Marmara Terminal |(Turkey)|, Marmara Butangas Terminal |(Turkey)|, Sheskharis |(russia)|, Marmara |(Turkey)|, El-Dekheila |(Egypt)|, Zhelezny Rog |(russia)|, Agioi Theodoroi Port |(Greece)|, Tema |(Ghana)|, Icdas |(Turkey)|, Gelendzhik |(russia)|, Jebel Ali |(UAE)|, St. Petersburg |(russia)|, Tuzla Shipyard |(Turkey)|, Doraleh |(Djibouti)"
9127667,TONDA SOURCE,20250730,IRAN-EO13846,1,Hongkong Exuberant Star Intl c/o Peace Worth Shipping Co Ltd (6150604 / Hong Kong / 16.03.2020),Peace Worth Shipping Co Ltd (6104171 / Hong Kong / 25.03.2022),Uni-glory Shipping Co Ltd (6408544 / People's Republic of China / 15.08.2023),Champion Trader / Exuberant Star,Great Britain|/ |Liberia|/ |Norway|/ |Panama,1997,Nuovi Cantieri Apuania Spa - Marina Di Carrara,Sanctions |USA ,"Khor Fakkan |(UAE)|, Yosu |(Republic of Korea)|, Lamma Island |(PRC)|, Nhava Sheva |(India)|, Sohar |(Oman)|, Kandla |(India)|, Ningde |(PRC)|, Qinglanshan Oil Terminal |(PRC)|, Xinsha |(PRC)|, Rozi Port |(India)"
9041655,TRIS GAS,20250730,IRAN-EO13902,1,Weser Shipping Inc (6189571 / Marshall Islands / 12.2020),Weser Shipping Inc (6189571 / Marshall Islands / 11.03.2024),Mares Shipping & Management (6502607 / Hong Kong / 11.01.2025),Gas Miracle / Maharshi Vishwamitra / Sisouli Prem / Beatris Gas / Tris Gas,Liberia|/ |Panama|/ |Republic of Korea|/ |Cyprus|/ |India|/ |Saint Kitts and Nevis|/ |Cameroon,1992,Mitsubishi Heavy Industries Ltd,Sanctions |USA ,"Khor Fakkan |(UAE)|, Al Basra Oil Terminal |(Iraq)|, Duqm |(Oman)|, Sohar |(Oman)|, Gulei |(PRC)|, Port Rashid |(UAE)|, Sharjah Offshore Terminal |(UAE)"
9200861,TRUGEN,20250730,IRAN-EO13846,1,Etihad Engineering & Marine Services Fzc (5700690 / United Arab Emirates / 04.11.2016),Etihad Engineering & Marine Services Fzc (5700690 / United Arab Emirates / 04.11.2016),Etihad Engineering & Marine Services Fzc (5700690 / United Arab Emirates / 04.11.2016),Flags (former)|Italy|/ |Luxembourg|/ |Comoros,Italy|/ |Luxembourg|/ |Comoros,2000,Sml Shipyard,Sanctions |USA ,"Khor Al Zubair |(Iraq)|, Ajman |(UAE)|, Sharjah Offshore Terminal |(UAE)|, Hamriyah Free Zone Port |(UAE)"
9248485,URANUS,20250730,IRAN-EO13902,1,Arno Lines Inc c/o Tisa Shipping Ltd (6238270 / Hong Kong / 10.04.2022),Tisa Shipping Ltd (6162292 / Hong Kong / 25.01.2022),Tisa Shipping Ltd (6162292 / Hong Kong / 11.08.2022),Ondina / Front Stratus / Ads Stratus / Calliope / Calliop / Hermes / Aztec,Isle of Man|/ |Vanuatu|/ |Liberia|/ |Cameroon,2002,Nagasu Hitachi Shipbuilding & Engineering,Sanctions |USA ,Port Klang |(Malaysia)
9264881,VANI,20250730,IRAN-EO13902,1,Avani Lines Inc (0113947 / Marshall Islands / 28.11.2024),Avani Lines Inc (0113947 / Marshall Islands / 28.11.2024),Seavana Shipping Ltd (0140941 / United Arab Emirates / 23.05.2025),Nissho Maru / Nereides / Cosmos / Vani,Japan|/ |Panama|/ |Comoros|/ |San Marino,2004,Jmu Kure Shipyard,Sanctions |USA ,"Al Basra Oil Terminal |(Iraq)|, Qianwan |(PRC)|, Tanjung pengelih |(Malaysia)|, Pengerang |(Malaysia)|, Dagang |(PRC)"
9554834,XANTE,20250730,IRAN-EO13902,1,Xante Line Inc (6341083 / Marshall Islands / 02.08.2022),Xante Line Inc (6341083 / Marshall Islands / 11.03.2024),Trexsea Shipping FZE (0056593 / United Arab Emirates / 02.03.2025),Petro Omega / Black Pearl / Xante,Republic of Korea|/ |Panama,2010,Shenghua Shipbuilding,Hydor AS,"Durban |(Republic of South Africa)|, Khor Al Zubair |(Iraq)|, Khor Fakkan |(UAE)|, Nacala |(Mozambique)|, Al Basra Oil Terminal |(Iraq)|, Tanjung pengelih |(Malaysia)|, Sharjah |(UAE)|, Sohar |(Oman)|, Haldia |(India)"
9304356,YODAN,20250730,IRAN-EO13902,1,Navelo Kryth Ltd (0449630 / Samoa / 24.03.2026),Akara Navigation LLC (6507523 / Azerbaijan / 24.03.2026),Akara Navigation LLC (6507523 / Azerbaijan / 09.04.2026),Seapacis / Hera / Hera 1 / Jeno,Hong Kong|/ |Vanuatu|/ |Panama|/ |Comoros|/ |Cook Islands|/ |Barbados|/ |Vanuatu,2005,Namura Shipbuilding Co. Ltd,"Sanctions |EU |,  |Switzerland |,  |UK |,  |USA |,  |Ukraine |,  |Australia |,  |Canada ","Aliaga |(Turkey)|, Gelibolu |(Turkey)|, Novorossiysk |(russia)|, Ras Sudr |(Egypt)|, Port Said |(Egypt)|, Mumbai |(India)|, Ust-Luga |(russia)|, Suez |(Egypt)|, Sadat |(Egypt)|, Primorsk |(russia)|, Vadinar |(India)|, Jamnagar- Sikka |(India)|, Icdas |(Turkey)|, Akcansa |(Turkey)"
9307009,YOGI,20250730,IRAN-EO13902,1,Yogi Shipping Inc c/o Draco Buren Shipping Pte Ltd (6335354 / Singapore / 04.08.2025),Draco Buren Shipping Pte Ltd (6189536 / Singapore / 04.08.2025),Draco Buren Shipping Pte Ltd (6189536 / Singapore / 06.06.2021),OOCL Kaohsiung,Hong Kong|/ |Singapore,2006,Koyo Dockyard Co. Ltd,Sanctions |USA ,"Ambarli |(Turkey)|, Damietta (Dumyat) |(Egypt)|, Derince Burnu |(Turkey)|, Khor Fakkan |(UAE)|, Mersin |(Turkey)|, Port Said |(Egypt)|, Sadat |(Egypt)|, Qianwan |(PRC)|, Adabiya |(Egypt)|, Yangshan |(PRC)|, Nansha |(PRC)|, Suanshan |(PRC)|, North Port |(Malaysia)|, Bandar Shahid Rejaee |(Iran)"
9288875,YUG,20250730,IRAN-EO13902,1,Yug Shipping Inc (6513297 / Marshall Islands / 03.07.2024),Yug Shipping Inc (6513297 / Marshall Islands / 03.07.2024),Navialink Shipping FZE (6511976 / United Arab Emirates / 03.07.2024),Andromeda Voyager / Maran Andromeda / Pratika / Sava / Mur,Bahamas|/ |Greece|/ |Panama|/ |Comoros,2005,Daewoo Shipbuilding & Marine Engineering Co. Ltd.,Sanctions |USA ,"Khor Fakkan |(UAE)|, Lanshan |(PRC)|, Port Said |(Egypt)|, Al Basra Oil Terminal |(Iraq)|, Qianwan |(PRC)|, Tanjung pengelih |(Malaysia)|, Vadinar Terminal |(India)|, Jamnagar- Sikka |(India)|, Pengerang |(Malaysia)"
9313242,ZAGOR,20250730,IRAN-EO13902,1,Zagor Shipping INC-MAI c/o Sea Lead Shipping Pte Ltd (6359553 / Singapore / 01.12.2022),Draco Buren Shipping Pte Ltd (6189536 / Singapore / 16.08.2025),Draco Buren Shipping Pte Ltd (6189536 / Singapore / 24.08.2024),Zim Norfolk / Conti Emden / Segara Mas / Goofy / Zagor,Malta|/ |Germany|/ |Indonesia|/ |Liberia,2006,Siag Nordseewerke,Sanctions |USA ,"Ambarli |(Turkey)|, Damietta (Dumyat) |(Egypt)|, Khor Fakkan |(UAE)|, Mersin |(Turkey)|, Sokhna Port Gas Tanker Terminal |(Egypt)|, Port Said |(Egypt)|, Beldeport |(Turkey)|, Tanjong Pagar |(Singapore)|, Sharjah |(UAE)|, Nansha |(PRC)|, Nhava Sheva |(India)|, Sohar |(Oman)|, Jebel Ali |(UAE)|, Suanshan |(PRC)|, Doraleh |(Djibouti)|, Rasif El Sharkiyoun |(Egypt)"
9321718,ZALE,20250730,IRAN-EO13902,1,Rptd Sold Undisclosed Interest (30.07.2025),Rptd Sold Undisclosed Interest (30.07.2025),Unknown (30.07.2025),Cap Philippe / Ikara / Zale,Greece|/ |Liberia|/ |Panama,2006,Samsung Shipbuilding & Heavy Industries Co. Ltd.,"Sanctions |USA |,  |EU |,  |Switzerland |,  |Ukraine |,  |UK |,  |Canada ","Jurong Island |(Singapore)|, Novorossiysk |(russia)|, Ras Sudr |(Egypt)|, Tanjung Pelepas |(Malaysia)|, Port Said |(Egypt)|, Ust-Luga |(russia)|, Kamysh-Burun |(Ukraine)|, Suez |(Egypt)|, Akcansa Canakkale |(Turkey)|, Nianyuwan |(PRC)|, Primorsk |(russia)|, Tanjong Pagar |(Singapore)|, Adabiya |(Egypt)|, Skaw |(Denmark)|, Icdas |(Turkey)|, Pulau Ayer Chawan |(Singapore)"
9174397,ARES,20250821,IRAN-EO13902,1,Ares Shipping Ltd (6480761 / Hong Kong / 06.11.2024),Ares Shipping Ltd (6480761 / Hong Kong / 06.11.2024),Unknown (28.08.2025),Front Commander / Ds Commander / Winson No. 6 / Sino Macro / Melissa Amy / Lisa,Panama|/ |Bahamas|/ |Germany|/ |Liberia|/ |Cook Islands,1999,Hyundai Heavy Industries Co. Ltd.,Sanctions |USA ,"Lanshan |(PRC)|, Ras Tanura |(Saudi Arabia)|, Zhoushan |(PRC)|, Aoshan Oil Terminal |(PRC)|, Dongjiakou |(PRC)|, Tanjung pengelih |(Malaysia)|, Changxindao |(PRC)|, Malacca |(Malaysia)"
9238868,GIANT,20250821,IRAN-EO13902,1,Regal Liberty Ltd (0034064 / British Virgin Islands / 25.09.2024),Regal Liberty Ltd (0034064 / British Virgin Islands / 25.09.2024),Unknown (18.09.2025),Olympic Legend / Red Stem / Grace / Giant,Greece,2003,Samsung Shipbuilding & Heavy Industries Co. Ltd.,Sanctions |USA ,"Gebig |(Brazil)|, Lanshan |(PRC)|, Tanjung Pelepas |(Malaysia)|, Dongjiakou |(PRC)|, Tanjong Pagar |(Singapore)|, Qianwan |(PRC)|, Lome |(Togo)|, Tanjung pengelih |(Malaysia)|, Lamma Island |(PRC)|, Pengerang |(Malaysia)|, Dagang |(PRC)"
9178068,KATSUYA,20250821,IRAN-EO13902,1,Sorities Ltd c/o Ozarka Shipping - FZCO (6440249 / United Arab Emirates / 05.07.2024),Ozarka Shipping - FZCO (6491076 / United Arab Emirates / 05.07.2024),Ozarka Shipping - FZCO (6491076 / United Arab Emirates / 05.07.2024),Chance / Boyka Ii,Malta|/ |Greece|/ |Gabon|/ |Gambia,1999,Onomichi Dockyard,Sanctions |USA ,"Khor Al Zubair |(Iraq)|, Zhoushan |(PRC)|, Al Basra Oil Terminal |(Iraq)|, Dongjiakou |(PRC)|, Sharjah |(UAE)|, Ajman |(UAE)|, Changxindao |(PRC)|, Al Faw |(Iraq)|, Sharjah Offshore Terminal |(UAE)|, Hamriyah Free Zone Port |(UAE)"
9256975,KONGM,20250821,IRAN-EO13902,1,Hong Kong Hangshun Shipping (0086990 / Hong Kong / 06.11.2024),Hong Kong Hangshun Shipping (0086990 / Hong Kong / 06.11.2024),Unknown (07.10.2025),C. Champion / Sedir / Tml / Kongm,Panama|/ |Republic of Korea|/ |Liberia,2009,Samsung Heavy Industries Co. Ltd,Sanctions |USA ,"Lanshan |(PRC)|, Pulau Sambu |(Indonesia)|, Yosu |(Republic of Korea)|, Dongjiakou |(PRC)|, Tanjong Pagar |(Singapore)|, Qianwan |(PRC)|, Tanjung pengelih |(Malaysia)|, Changxindao |(PRC)|, Pengerang |(Malaysia)|, Fort Amador |(Panama)"
9379698,LAFIT,20250821,IRAN-EO13902,1,Changbai Glory Shipping Ltd (0179533 / Marshall Islands / 27.03.2025),Changbai Glory Shipping Ltd (0179533 / Marshall Islands / 27.03.2025),Unknown (10.10.2025),Chang Jiang Zhi Guang / New Globe / Advantage Virtue / Yinghao Spirit / Lafit,People's Republic of China|/ |Hong Kong|/ |Marshall Islands|/ |Liberia|/ |Sao Tome and Principe,2009,Bohai Shipbuilding Heavy Industry Co. Ltd,Sanctions |USA ,"Lanshan |(PRC)|, Tianjin |(PRC)|, Dongjiakou |(PRC)|, Qianwan |(PRC)|, Tanjung pengelih |(Malaysia)|, Lamma Island |(PRC)|, Caofeidian |(PRC)|, Kabil |(Indonesia)|, Pengerang |(Malaysia)|, Dagang |(PRC)"
9268186,SONDOS,20250821,IRAN-EO13902,1,Green Earth Petroleum FZE (6254411 / United Arab Emirates / 27.09.2024),Ozarka Shipping - FZCO (6491076 / United Arab Emirates / 27.09.2024),Unknown (27.09.2024),Keilir / Ow Atlantic / Atlantic,Iceland|/ |Denmark|/ |Norway|/ |Panama|/ |Antigua and Barbuda,2002,Jiangnan Shipyard Group,Sanctions |USA ,"Khor Fakkan |(UAE)|, Al Basra Oil Terminal |(Iraq)|, Fujairah |(UAE)|, Sharjah |(UAE)|, Ajman |(UAE)|, Hamriyah Free Zone Port |(UAE)|, Mubarek Terminal |(UAE)"
6164705,YU HONG DE COMPANY LIMITED,20251009,IRAN-EO13902,0,,,,,,,,,
9008108,YU HONG DE COMPANY LIMITED,20251009,IRAN-EO13902,0,,,,,,,,,
9360001,APS 9,20251009,IRAN-EO13902,0,,,,,,,,,
9294240,GALE,20251009,IRAN-EO13902,1,Abgo Trading Ltd (0202023 / Hong Kong / 04.06.2025),Abgo Trading Ltd (0202023 / Hong Kong / 04.06.2025),Unknown (23.06.2025),Katsuragisan / Lila Osaka / Tema / Cathay Kirin / Sapphire,Japan|/ |Liberia|/ |Panama|/ |Hong Kong,2005,Kawasaki Sakaide Works,Sanctions |USA ,"Lanshan |(PRC)|, Nianyuwan |(PRC)|, Dongjiakou |(PRC)|, Tanjong Pagar |(Singapore)|, Tanjung pengelih |(Malaysia)|, Changxindao |(PRC)|, Pengerang |(Malaysia)|, Malacca |(Malaysia)"
9379404,GAS DIOR,20251009,IRAN-EO13902,0,,,,,,,,,
9114581,GAS LEADER,20251009,IRAN-EO13902,0,,,,,,,,,
9307748,GAS MARTA,20251009,IRAN-EO13902,0,,,,,,,,,
9115303,GAS VISION,20251009,IRAN-EO13902,0,,,,,,,,,
8818843,GAS ZEINA,20251009,IRAN-EO13902,0,,,,,,,,,
9312353,HAI LONG BRAVO,20251009,IRAN-EO13846,0,,,,,,,,,
9251884,LOANNA,20251009,IRAN-EO13846,0,,,,,,,,,
9289726,MADESTAR,20251009,IRAN-EO13902,0,,,,,,,,,
9134165,MAX STAR,20251009,IRAN-EO13902,0,,,,,,,,,
9013701,NEPTA,20251009,IRAN-EO13902,0,,,,,,,,,
9208239,PAMIR,20251009,IRAN-EO13902,0,,,,,,,,,
9340934,PIONEER 92,20251009,IRAN-EO13902,0,,,,,,,,,
9235464,PK MARIT,20251009,IRAN-EO13846,0,,,,,,,,,
9326902,PK PHOENIX,20251009,IRAN-EO13846,0,,,,,,,,,
9275658,PURDUE STELLAR,20251009,IRAN-EO13902,0,,,,,,,,,
9320738,SAPPHIRE GAS,20251009,IRAN-EO13902,0,,,,,,,,,
9031519,SEA HERMES,20251009,IRAN-EO13902,0,,,,,,,,,
9000883,SEA OPERA,20251009,IRAN-EO13902,0,,,,,,,,,
9337195,SIREN II,20251009,IRAN-EO13902,1,Blue Ocean Marine Co Ltd (6484692 / Hong Kong / 18.03.2024),Blue Ocean Marine Co Ltd (6484692 / Hong Kong / 18.03.2024),Unknown (06.09.2025),Fpmc C Honor / Duplic Dynamic / Siren II,Liberia|/ |Panama|/ |Hong Kong,2008,Ariake Shipyard,"Sanctions |USA |,  |EU |,  |Switzerland ","Khor Fakkan |(UAE)|, Tanjung Pelepas |(Malaysia)|, Yosu |(Republic of Korea)|, Dongjiakou |(PRC)|, Qianwan |(PRC)|, Fujairah |(UAE)|, Tanjung pengelih |(Malaysia)|, Vadinar Terminal |(India)|, Changxindao |(PRC)|, Pengerang |(Malaysia)|, Batu Ampar |(Indonesia)|, Dagang |(PRC)|, Malacca |(Malaysia)|, Jamnagar Terminal |(India)"
9005053,SONA,20251009,IRAN-EO13902,0,,,,,,,,,
9180152,SULLANA,20251009,IRAN-EO13902,0,,,,,,,,,
9251896,TETHIS 7,20251009,IRAN-EO13846,0,,,,,,,,,
9239989,THANASIS,20251009,IRAN-EO13846,0,,,,,,,,,
9252072,TRIMA,20251009,IRAN-EO13846,0,,,,,,,,,
8912558,TULIP,20251009,IRAN-EO13902,0,,,,,,,,,
9241114,VITA I,20251009,IRAN-EO13902,0,,,,,,,,,
9222443,VOY,20251009,IRAN-EO13902,1,Hozdra Group Ltd (0220254 / Hong Kong / 25.04.2025),Hozdra Group Ltd (0220254 / Hong Kong / 25.04.2025),Ryan Shipping Ltd (6428391 / Hong Kong / 04.12.2024),Tenyo / Kyoto / Arabela / Tiburtina / Tricia Ii / Lily,Liberia|/ |Singapore|/ |Saint Kitts and Nevis|/ |Panama|/ |Comoros|/ |Tanzania|/ |Sao Tome and Principe,2000,Mitsubishi Heavy Industries Ltd,Sanctions |USA ,"Khor Fakkan |(UAE)|, Lanshan |(PRC)|, Nianyuwan |(PRC)|, Dongjiakou |(PRC)|, Tanjung pengelih |(Malaysia)|, Telok Ramunia |(Malaysia)|, Lamma Island |(PRC)|, Sohar |(Oman)|, Changxindao |(PRC)|, Nipa Anch |(Indonesia)|, Bintulu Terminal |(Malaysia)"
9289740,WORLD COURAGE,20251009,IRAN-EO13846,0,,,,,,,,,
9301005,WORLD PERFORMANCE,20251009,IRAN-EO13846,0,,,,,,,,,
9251822,AQUARIS,20251120,IRAN-EO13846,1,Rptd Sold Undisclosed Interest (20.11.2025),Rptd Sold Undisclosed Interest (20.11.2025),Unknown (20.11.2025),British Willow / Afra Willow / Willowy / Aquaris,Isle of Man|/ |Liberia|/ |Panama,2003,Tsuneishi Shipbuilding Co Ltd,"Sanctions |USA |,  |Ukraine ","Hong Kong |(Hong Kong)|, Lianyungang |(PRC)|, Al Basra Oil Terminal |(Iraq)|, Nianyuwan |(PRC)|, Qianwan |(PRC)|, Fujairah |(UAE)|, Singapore |(Singapore)|, Lamma Island |(PRC)|, Erman |(PRC)|, Changxindao |(PRC)|, Qingdao |(PRC)|, Kabil |(Indonesia)|, Pasir Gudang, Johor |(Malaysia)|, Telaga Punggur |(Indonesia)"
9247986,AVA 10,20251120,IRAN-EO13846,1,Blue Tide Marine Inc (0049968 / Marshall Islands / 21.04.2025),Deep Current Shipping LLC (0124442 / United Arab Emirates / 21.04.2025),Deep Current Shipping LLC (0124442 / United Arab Emirates / 21.04.2025),Portel / Genmar Strength / Gener8 Pericles / Pericles / Jacob / Amenity / Crested / Ervina,Gabon|/ |Panama|/ |Liberia,2003,Sumitomo Heavy Industries,"Sanctions |USA |,  |Ukraine ","Khor Fakkan |(UAE)|, Ust-Luga |(russia)|, Al Basra Oil Terminal |(Iraq)|, Aoshan Oil Terminal |(PRC)|, Qianwan |(PRC)|, Fujairah |(UAE)|, Singapore |(Singapore)|, Pengerang |(Malaysia)|, Malacca |(Malaysia)|, Sharjah Offshore Terminal |(UAE)"
9144782,BODHI,20251120,IRAN-EO13846,1,Erst Group Ltd (6510831 / Seychelles / 12.12.2023),Erst Group Ltd (6510831 / Seychelles / 12.12.2023),Virtue Navis Shipmanagement Corp (6510814 / Seychelles / 01.07.2024),Omera Queen / Мera Q / Pelican / Turba / Robon,Panama|/ |Bangladesh,1997,Nkk Shipbuilding,"Sanctions |EU |,  |UK |,  |Switzerland |,  |Canada |,  |USA |,  |Australia |,  |Ukraine |,  |New Zealand ","Aliaga |(Turkey)|, Gelibolu |(Turkey)|, Longkou |(PRC)|, Nemrut Bay |(Turkey)|, Sankt-Peterburg |(russia)|, Tuapse |(russia)|, Yantai |(PRC)|, Zhoushan |(PRC)|, Port Said |(Egypt)|, Zeytinburnu |(Turkey)|, Ust-Luga |(russia)|, Suez |(Egypt)|, Aoshan Oil Terminal |(PRC)|, Akcansa Canakkale |(Turkey)|, Dongjiakou |(PRC)|, Primorsk |(russia)|, Adabiya |(Egypt)|, Dongying |(PRC)|, BZ 34 Terminal |(PRC)|, Lamma Island |(PRC)|, Laizhou |(PRC)|, Dahej |(India)|, Alang |(India)|, Sungai Linggi |(Malaysia)|, Malacca |(Malaysia)|, BZ 28 Terminal |(PRC)"
9267950,GAS ATHENA,20251120,IRAN-EO13902,0,,,,,,,,,
9038763,KAISA I,20251120,IRAN-EO13902,0,,,,,,,,,
9411965,KALLISTA,20251120,SDGT,0,,,,,,,,,
9014456,NEXO,20251120,IRAN-EO13902,0,,,,,,,,,
9232620,PIONEER SAM,20251120,IRAN-EO13902,0,,,,,,,,,
0059859,SINOSTAR MARINE GROUP LIMITED,20251218,IRAN-EO13902,0,,,,,,,,,
9277371,SINOSTAR MARINE GROUP LIMITED,20251218,IRAN-EO13902,0,,,,,,,,,
9464156,ARIHANT,20251218,IRAN-EO13902,0,,,,,,,,,
9262912,AUROURA,20251218,IRAN-EO13902,0,,,,,,,,,
9255945,DIANA,20251218,IRAN-EO13902,0,,,,,,,,,
9258595,FLORA DOLCE,20251218,IRAN-EO13902,0,,,,,,,,,
9404572,FOSHAN,20251218,IRAN-EO13902,0,,,,,,,,,
9255684,GOLDEN EAGLE Crude Oil Tanker Unknown flag; Former Vessel Flag Gambia; Vessel Ye,20251218,IRAN-EO13902,1,Everest Sea Navigation Sа (6452167 / Liberia / 20.11.2023),Everest Sea Navigation Sа (6452167 / Liberia / 20.11.2023),Sea Viking Ship Management - FZCO (6507320 / United Arab Emirates / 27.10.2024),Minerva Zoe,Greece|/ |Liberia|/ |Saint Kitts and Nevis|/ |Gambia,2004,Hyundai Samho Heavy Industries Co. Ltd.,"Sanctions |EU |,  |Switzerland |,  |UK |,  |Ukraine |,  |USA |,  |Canada ","Cartagena |(Spain)|, Gdansk |(Poland)|, Jurong Island |(Singapore)|, Khor Fakkan |(UAE)|, Mundra |(India)|, Sidi Kerir |(Egypt)|, Sitrah |(Bahrain)|, Ust-Luga |(russia)|, Dongjiakou |(PRC)|, Primorsk |(russia)|, Fujairah |(UAE)|, Duqm |(Oman)|, Coatzacoalcos |(Mexico)|, St. Petersburg |(russia)"
9263954,HEMERA,20251218,IRAN-EO13902,0,,,,,,,,,
9358802,INTAN PREMIER,20251218,IRAN-EO13902,0,,,,,,,,,
9246487,INTAN PREMIER,20251218,IRAN-EO13902,0,,,,,,,,,
9409986,KASSIA,20251218,IRAN-EO13902,0,,,,,,,,,
9321469,KHADIGA,20251218,IRAN-EO13902,0,,,,,,,,,
9236731,KURDOS,20251218,IRAN-EO13902,0,,,,,,,,,
9453729,KURDOS II,20251218,IRAN-EO13902,0,,,,,,,,,
9380570,KURDOS III,20251218,IRAN-EO13902,1,Kurdos Shipping Inc (5409641 / Panama / 28.07.2025),Kurdos Shipping Inc (5409641 / Panama / 28.07.2025),Unknown (01.09.2025),Cargo / Style / Osaka / Kurdos III,Malta|/ |Marshall Islands|/ |Liberia|/ |Palau,2008,Hyundai Heavy Industries Co. Ltd.,"Sanctions |USA |,  |EU |,  |Switzerland |,  |Canada |,  |UK ","Istanbul |(Turkey)|, Khor Al Zubair |(Iraq)|, Khor Fakkan |(UAE)|, Novorossiysk |(russia)|, La Skhirra |(Tunisia)|, Tuapse |(russia)|, Al Basra Oil Terminal |(Iraq)|, Benghazi |(Libya)|, Jebel Ali |(UAE)|, Fortaleza |(Brazil)|, Sharjah Offshore Terminal |(UAE)"
9269403,KURDOS III,20251218,IRAN-EO13902,1,Rptd Sold Undisclosed Interest (18.12.2025),Rptd Sold Undisclosed Interest (18.12.2025),Unknown (19.12.2025),Bianca Amoretti / M K A,Italy|/ |Cook Islands,2003,Chengxi Shipyard,Hydor AS,"Al Basrah |(Iraq)|, Kemaman Harbor |(Malaysia)|, Khor Al Zubair |(Iraq)|, Khor Fakkan |(UAE)|, Lanshan |(PRC)|, Mersin |(Turkey)|, Novorossiysk |(russia)|, Soroosh Terminal |(Iran)|, Sharjah |(UAE)|, Benghazi |(Libya)|, Sohar |(Oman)|, Dibba |(UAE)|, Kakinada |(India)|, Haldia |(India)|, Chittagong |(Bangladesh)|, Al Faw |(Iraq)|, Malacca |(Malaysia)|, Van Phong Bay |(Vietnam)|, Zhoushan Wugang Port |(PRC)|, Taman |(russia)"
9430715,MAJESTY,20251218,IRAN-EO13902,0,,,,,,,,,
9546710,MARUTI,20251218,IRAN-EO13902,0,,,,,,,,,
9233973,NEBULA DRIFT,20251218,IRAN-EO13902,0,,,,,,,,,
9242443,NOMIKI,20251218,IRAN-EO13902,0,,,,,,,,,
9363182,RAMYA,20251218,IRAN-EO13902,0,,,,,,,,,
9273002,RAMYA,20251218,IRAN-EO13902,0,,,,,,,,,
9207273,SEA CITRINE VI,20251218,IRAN-EO13902,0,,,,,,,,,
9140451,SEA ROCK Products Tanker; Former Vessel Flag Palau; Vessel Year of Build 1996; V,20251218,IRAN-EO13902,0,,,,,,,,,
9224570,SEA WISE,20251218,IRAN-EO13902,0,,,,,,,,,
9204776,SEAMULL,20251218,IRAN-EO13902,0,,,,,,,,,
9330020,SKYLIGHT,20251218,IRAN-EO13902,0,,,,,,,,,
9297101,TIDAL RHYTHM,20251218,IRAN-EO13902,0,,,,,,,,,
0315412,TRADE BRIDGE GLOBAL INC.,20260123,IRAN-EO13902,0,,,,,,,,,
9053816,TRADE BRIDGE GLOBAL INC.,20260123,IRAN-EO13902,0,,,,,,,,,
9197727,AQUA SPIRIT,20260123,IRAN-EO13902,0,,,,,,,,,
9034705,AVON,20260123,IRAN-EO13902,0,,,,,,,,,
9251602,CESARIA,20260123,IRAN-EO13902,0,,,,,,,,,
9306665,CHIRON 5,20260123,IRAN-EO13902,0,,,,,,,,,
9353905,EASTERN HERO,20260123,IRAN-EO13902,0,,,,,,,,,
9176929,KEEL,20260123,IRAN-EO13902,0,,,,,,,,,
9240885,LONGEVITY 7 Chemical/Products Tanker Unknown flag; Former Vessel Flag Palau; Ves,20260123,IRAN-EO13902,1,Longevity Shipping Ltd (0241856 / Marshall Islands / 30.06.2025),Longevity Shipping Ltd (0241856 / Marshall Islands / 30.06.2025),Unknown (01.07.2025),Torm Gertrud / Caida Star / East 1,Denmark|/ |Marshall Islands|/ |Singapore|/ |Hong Kong|/ |Palau,2002,Stx Shipbuilding Co. Ltd.,"Sanctions |UK |,  |Canada |,  |Australia |,  |EU |,  |Switzerland |,  |Ukraine |,  |USA |,  |New Zealand ","Dakar |(Senegal)|, Kerch |(Ukraine)|, Novorossiysk |(russia)|, Pointe Noire |(Republic of the Congo)|, Santos |(Brazil)|, Zhoushan |(PRC)|, TamanNefteGaz CJSC |(russia)|, Kamysh-Burun |(Ukraine)|, Lome |(Togo)|, El-Dekheila |(Egypt)|, Bandar Imam Khomeini |(Iran)|, Cotonou |(Benin)|, Pasir Gudang, Johor |(Malaysia)|, St. Petersburg |(russia)|, Shahid Rajai |(Iran)|, Lubuk Gaung |(Indonesia)"
0356257,VICENS MARINE CO,20260206,IRAN-EO13846,0,,,,,,,,,
9222649,VICENS MARINE CO,20260206,IRAN-EO13846,0,,,,,,,,,
9282792,AQUA LIVE,20260206,IRAN-EO13846,1,Rptd Sold Undisclosed Interest (06.02.2026),Rptd Sold Undisclosed Interest (06.02.2026),Unknown (06.06.2025),Valpiave / Atalandi / Clyde Noble,Greece|/ |Panama|/ |Palau|/ |Cameroon,2004,Daewoo Shipbuilding & Marine Engineering Co. Ltd.,"Sanctions |UK |,  |EU |,  |Switzerland |,  |Canada |,  |Australia |,  |Ukraine |,  |USA ","Jurong Island |(Singapore)|, Karachi |(Pakistan)|, Qinhuangdao |(PRC)|, Tanjung Pelepas |(Malaysia)|, Port Said |(Egypt)|, Ust-Luga |(russia)|, Suez |(Egypt)|, Sadat |(Egypt)|, Chennai |(India)|, Kozmino |(russia)|, Khor al Fakkan |(UAE)|, Primorsk |(russia)|, Fujairah |(UAE)|, Adabiya |(Egypt)|, Visakhapatnam |(India)|, Jamnagar- Sikka |(India)|, Sohar |(Oman)|, Rongcheng |(PRC)|, Qingdao |(PRC)|, Sungai Linggi |(Malaysia)|, Gadani |(Pakistan)"
9293155,BENEDICT,20260206,IRAN-EO13846,1,Junia Shipping Inc c/o Elevate Marine Management Pvt Ltd (0219305 / India / 29.04.2025),Elevate Marine Management Pvt Ltd (0121567 / India / 02.05.2025),Unknown (22.07.2025),Asian Jade / KWK Jade / Davis Sea / Wonder Vega / Junia,Liberia|/ |Marshall Islands|/ |Panama|/ |Gambia,2005,Hyundai Heavy Industries Co. Ltd.,"Sanctions |UK |,  |Canada |,  |EU |,  |Switzerland |,  |Australia |,  |New Zealand |,  |Ukraine |,  |USA ","Algeciras Bay |(Spain)|, Aliaga |(Turkey)|, Antwerpen |(Belgium)|, Arzew |(Algeria)|, Gdansk |(Poland)|, Milazzo |(Italy)|, Milford Haven |(UK)|, Ras Sudr |(Egypt)|, Sidi Kerir |(Egypt)|, Tanger Med |(Morocco)|, Ust-Luga |(russia)|, Suez |(Egypt)|, Sadat |(Egypt)|, Primorsk |(russia)|, Vadinar |(India)|, Visakhapatnam |(India)|, Kochin |(India)|, Rostock |(Germany)|, Tuzla Shipyard |(Turkey)|, King Fahd |(Saudi Arabia)|, Nida Marina |(Lithuania)"
9312494,BENLAI,20260206,IRAN-EO13846,0,,,,,,,,,
9471123,FORTUNE GAS,20260206,IRAN-EO13846,0,,,,,,,,,
9369760,GAS RIVER,20260206,IRAN-EO13846,0,,,,,,,,,
9318618,GAZ CRYSTAL,20260206,IRAN-EO13846,0,,,,,,,,,
9267948,OCEAN GUARDIAN,20260206,IRAN-EO13846,0,,,,,,,,,
9133109,RAYYAN GAS,20260206,IRAN-EO13846,0,,,,,,,,,
9233739,VETER,20260206,IRAN-EO13846,0,,,,,,,,,
9290775,VICSCENE,20260206,IRAN-EO13846,0,,,,,,,,,
9155626,WHITE SHARK,20260206,IRAN-EO13846,0,,,,,,,,,
9234472,YONGHENG OCEAN,20260206,IRAN-EO13846,0,,,,,,,,,
0191721,WANSA GAS SHIPPING CO.,20260225,IRAN-EO13902,0,,,,,,,,,
9155341,WANSA GAS SHIPPING CO.,20260225,IRAN-EO13902,0,,,,,,,,,
9548990,ATEELA 1,20260225,IRAN-EO13902,0,,,,,,,,,
9549009,ATEELA 2,20260225,IRAN-EO13902,0,,,,,,,,,
9193721,DANUTA I,20260225,IRAN-EO13902,0,,,,,,,,,
9167162,FELICITA,20260225,IRAN-EO13902,0,,,,,,,,,
9147394,GAS FATE,20260225,IRAN-EO13902,0,,,,,,,,,
9267962,HOOT,20260225,IRAN-EO13902,0,,,,,,,,,
9034690,LUMA,20260225,IRAN-EO13902,0,,,,,,,,,
9046784,NIBA,20260225,IRAN-EO13902,0,,,,,,,,,
9299563,NORTH STAR,20260225,IRAN-EO13902,0,,,,,,,,,
9255933,OCEAN KOI,20260225,IRAN-EO13902,0,,,,,,,,,
9326885,TAYLOR SHIPPING FZCO,20260415,IRAN-EO13902,1,Rptd Sold Undisclosed Interest (15.04.2026),Rptd Sold Undisclosed Interest (15.04.2026),Unknown (15.04.2026),Marietta / Mari Ugland / Sunny Lynx / George B,Norway|/ |Marshall Islands|/ |Panama,2008,Brodosplit-brodogradiliste D.o.o.,"Sanctions |Ukraine |,  |USA |,  |EU ","Anyer Lor |(Indonesia)|, Constantza |(Romania)|, Itaqui |(Brazil)|, Manaus |(Brazil)|, Mjimwema Terminal |(Tanzania)|, Mundra |(India)|, Paranagua |(Brazil)|, Saleef |(People's Democratic Republic of Yemen)|, Santos |(Brazil)|, Tekirdag |(Turkey)|, Tuapse |(russia)|, Port Said |(Egypt)|, Ust-Luga |(russia)|, Sadat |(Egypt)|, Akcansa Canakkale |(Turkey)|, Primorsk |(russia)|, Fujairah |(UAE)|, Adabiya |(Egypt)|, Vadinar Terminal |(India)|, Martas |(Turkey)|, Rashid |(UAE)|, Sikka |(India)|, Jamnagar- Sikka |(India)|, Alemoa Terminal |(Brazil)|, Icdas |(Turkey)|, Tanjung Langsat |(Malaysia)|, Jebel Ali |(UAE)|, Jamnagar Terminal |(India)|, Taman |(russia)"
9417464,ANIKA,20260415,IRAN-EO13902,1,Rptd Sold Undisclosed Interest (15.04.2026),Rptd Sold Undisclosed Interest (15.04.2026),Unknown (15.04.2026),Aspasia Lemos / Argo / Aion / Nestos / Anika,Marshall Islands|/ |Panama,2009,Hyundai Heavy Industries Co. Ltd.,"Sanctions |Ukraine |,  |USA |,  |EU |,  |Switzerland |,  |Canada |,  |UK ","Jurong Island |(Singapore)|, Khor Fakkan |(UAE)|, Mundra |(India)|, Ningbo |(PRC)|, Zhoushan |(PRC)|, Port Said |(Egypt)|, Ust-Luga |(russia)|, Suez |(Egypt)|, Meishan |(PRC)|, Aoshan Oil Terminal |(PRC)|, Primorsk |(russia)|, Tanjong Pagar |(Singapore)|, Fujairah |(UAE)|, Dongying |(PRC)|, Tanjung pengelih |(Malaysia)|, Vadinar |(India)|, New Mangalore |(India)|, Skaw |(Denmark)|, Vassiliko Bay |(Cyprus)|, Batu Ampar |(Indonesia)|, St. Petersburg |(russia)|, Pulau Ayer Chawan |(Singapore)|, King Fahd |(Saudi Arabia)"
9274563,AURA,20260415,IRAN-EO13902,0,,,,,,,,,
9332614,BELLARIS,20260415,IRAN-EO13902,1,Fleet Armada Pvt Ltd (0309949 / India / 16.04.2026),Fleet Armada Pvt Ltd (0309949 / India / 16.04.2026),Unknown (16.04.2026),Marika / Sunny Leopard / Arctic Char / Srini,Norway|/ |Marshall Islands|/ |Panama,2008,Split Shipyard,"Sanctions |USA |,  |EU ","Algeciras Bay |(Spain)|, Anyer Lor |(Indonesia)|, Daesan Hang |(Republic of Korea)|, Delta Terminal |(Turkey)|, Jurong Island |(Singapore)|, Marsaxlokk |(Malta)|, Mersin |(Turkey)|, Mohammedia |(Morocco)|, Mundra |(India)|, Ningbo |(PRC)|, Pulau Bukom |(Singapore)|, Pulau Sambu |(Indonesia)|, Sekupang |(Indonesia)|, Tanger Med |(Morocco)|, Karimun |(Indonesia)|, Tuapse |(russia)|, Port Said |(Egypt)|, Marport West (Soyak) Terminal |(Turkey)|, Zeytinburnu |(Turkey)|, Ust-Luga |(russia)|, TamanNefteGaz CJSC |(russia)|, Suez |(Egypt)|, Sadat |(Egypt)|, Jeddah |(Saudi Arabia)|, Akcansa Canakkale |(Turkey)|, Primorsk |(russia)|, Adabiya |(Egypt)|, Vadinar |(India)|, Baniyas Oil Terminal (Banias Oil Terminal) |(Syria)|, Icdas |(Turkey)|, Pasir Gudang, Johor |(Malaysia)|, Hazira |(India)|, Malacca |(Malaysia)|, PT, Indonesia |(Indonesia)"
9282508,CAUVERI,20260415,IRAN-EO13902,1,Jalyan Ship Management (6503106 / India / 15.04.2026),Jalyan Ship Management (6503106 / India / 23.12.2025),Jalyan Ship Management (6503106 / India / 23.12.2025),British Robin / Forties,Isle of Man|/ |Marshall Islands|/ |Panama,2005,Samsung Shipbuilding & Heavy Industries Co. Ltd.,"Sanctions |Ukraine |,  |USA ","Mundra |(India)|, Novorossiysk |(russia)|, Ras Sudr |(Egypt)|, Port Said |(Egypt)|, Ust-Luga |(russia)|, Kamysh-Burun |(Ukraine)|, Suez |(Egypt)|, Sadat |(Egypt)|, Khor al Fakkan |(UAE)|, Primorsk |(russia)|, Bedi Bunder |(India)|, Fujairah |(UAE)|, Adabiya |(Egypt)|, Vene-Balti |(Estonia)|, Cochin |(India)|, Colombo |(Sri Lanka)|, Zhelezny Rog |(russia)|, Vadinar |(India)|, Visakhapatnam |(India)|, Jamnagar- Sikka |(India)|, Yuzhnaya Ozereyevka Terminal |(russia)|, Icdas |(Turkey)|, Port Rashid |(UAE)|, Gelendzhik |(russia)|, Peetri |(Estonia)"
9321677,DAPHNE V,20260415,IRAN-EO13902,1,Rptd Sold Undisclosed Interest (15.04.2026),Rptd Sold Undisclosed Interest (15.04.2026),Unknown (15.04.2026),Kronviken,Norway|/ |Panama,2006,Samsung Shipbuilding & Heavy Industries Co. Ltd.,"Sanctions |Ukraine |,  |USA |,  |EU ","Algeciras Bay |(Spain)|, Aliaga |(Turkey)|, Aspropirgos (Aspropyrgos) |(Greece)|, Mundra |(India)|, Nemrut Bay |(Turkey)|, Ras Sudr |(Egypt)|, Ras Tanura |(Saudi Arabia)|, Sidi Kerir |(Egypt)|, Tanjung Pelepas |(Malaysia)|, Port Said |(Egypt)|, Marport West (Soyak) Terminal |(Turkey)|, Mumbai |(India)|, Ust-Luga |(russia)|, TamanNefteGaz CJSC |(russia)|, Kamysh-Burun |(Ukraine)|, Primorsk |(russia)|, Tanjong Pagar |(Singapore)|, Marmara Butangas Terminal |(Turkey)|, Pendik |(Turkey)|, Marmara |(Turkey)|, Zhelezny Rog |(russia)|, New Mangalore |(India)|, Jamnagar- Sikka |(India)|, St. Petersburg |(russia)|, Tuzla Shipyard |(Turkey)|, Daxie |(PRC)|, Brightoil Petroleum Storage (Zhoushan) |(PRC)"
9413004,HORAE,20260415,IRAN-EO13902,1,Rptd Sold Undisclosed Interest (15.04.2026),Rptd Sold Undisclosed Interest (15.04.2026),Unknown (15.04.2026),Eagle Sydney / Stavanger Falcon,Panama,2009,Sumitomo Heavy Industries,"Sanctions |Ukraine |,  |USA |,  |EU |,  |Switzerland |,  |Canada |,  |UK ","Karachi |(Pakistan)|, Lutong |(Malaysia)|, Mundra |(India)|, Pulau Bukom |(Singapore)|, Ras Tanura |(Saudi Arabia)|, Ulsan |(Republic of Korea)|, Ust-Luga |(russia)|, Primorsk |(russia)|, Fujairah |(UAE)|, Colombo |(Sri Lanka)|, Paradip offshore |(India)|, Tanjong Bin |(Malaysia)|, Labuan |(Malaysia)|, Gulei |(PRC)|, Ra's al maajjiz |(Saudi Arabia)"
9291262,SILVAR,20260415,IRAN-EO13902,1,Lasiglia Investment Inc c/o Fleet Tanqo Pvt Ltd (6505884 / India / 22.06.2024),Fleet Tanqo Pvt Ltd (0261023 / India / 01.08.2025),Fleet Tanqo Pvt Ltd (0261023 / India / 03.08.2025),Matterhorn Spirit / Themis 1 / Rowan,Bahamas|/ |Panama,2005,Daewoo Shipbuilding & Marine Engineering Co. Ltd.,"Sanctions |Ukraine |,  |USA |,  |EU |,  |Switzerland |,  |Canada |,  |UK ","Gdansk |(Poland)|, Jurong Island |(Singapore)|, Lanshan |(PRC)|, Mundra |(India)|, Ningbo |(PRC)|, Novorossiysk |(russia)|, Pulau Bukom |(Singapore)|, Sidi Kerir |(Egypt)|, Mumbai |(India)|, Ust-Luga |(russia)|, Primorsk |(russia)|, Fujairah |(UAE)|, Jamnagar- Sikka |(India)|, Gelendzhik |(russia)"
6244565,XIFOIDES GROUP LIMITED,20260424,IRAN-EO13902,0,,,,,,,,,
0316659,ZHOUSHAN YAOHAI SHIPPING CO.,20260424,IRAN-EO13902,0,,,,,,,,,
9253117,ZHOUSHAN YAOHAI SHIPPING CO.,20260424,IRAN-EO13902,0,,,,,,,,,
9308998,BANGUS,20260424,IRAN-EO13902,0,,,,,,,,,
9220914,BENTLEY,20260424,IRAN-EO13902,1,Evy Blue Ltd (0326041 / Liberia / 21.10.2025),Iris Star Ship Management (0301563 / United Arab Emirates / 21.10.2025),Iris Star Ship Management (0301563 / United Arab Emirates / 21.10.2025),Valle Di Aragona / Birdhum / Brandly / Bonetta,Panama|/ |Italy|/ |Palau|/ |Cook Islands,2001,Hyundai Mipo Dockyard Co. Ltd.,Sanctions |USA ,"Al Basrah |(Iraq)|, Izmit |(Turkey)|, Khor Al Zubair |(Iraq)|, Novorossiysk |(russia)|, Tuapse |(russia)|, TamanNefteGaz CJSC |(russia)|, Fujairah |(UAE)|, Duqm |(Oman)"
9263227,COVENIO,20260424,IRAN-EO13902,0,,,,,,,,,
9259317,EDOR,20260424,IRAN-EO13902,0,,,,,,,,,
9387762,GALVIN,20260424,IRAN-EO13902,0,,,,,,,,,
9002908,GLOBAL VIVIAN,20260424,IRAN-EO13902,0,,,,,,,,,
9183362,GOLDEN SUNRISE,20260424,IRAN-EO13902,0,,,,,,,,,
9534614,HH GLORY,20260424,IRAN-EO13902,0,,,,,,,,,
9240158,LIN 9,20260424,IRAN-EO13902,0,,,,,,,,,
9257711,LISBOA,20260424,IRAN-EO13902,0,,,,,,,,,
9177806,LPG SEVAN,20260424,IRAN-EO13902,0,,,,,,,,,
9352559,LYNN,20260424,IRAN-EO13902,0,,,,,,,,,
9258519,MAGNOLIA,20260424,IRAN-EO13902,0,,,,,,,,,
9242481,MIRAAN,20260424,IRAN-EO13902,0,,,,,,,,,
9294329,SEEKER 8,20260424,IRAN-EO13902,0,,,,,,,,,
9290086,SMD WORLD,20260424,IRAN-EO13902,0,,,,,,,,,
9208069,STELLAR BEVERLY Crude Oil Tanker Mozambique,20260424,IRAN-EO13902,1,Yegua Trading Ltd c/o Elite Marine Ship Management Ltd (6238337 / Hong Kong / 01.04.2025),Elite Marine Ship Management Ltd (0054274 / Hong Kong / 28.01.2025),Elite Marine Ship Management Ltd (0054274 / Hong Kong / 28.01.2025),Minerva Nounou / Jag Lateef / Quan Xiang / Jannat Alferdos / Xocota,Greece|/ |India|/ |Panama,2000,Samsung Shipbuilding & Heavy Industries Co. Ltd.,"Sanctions |EU |,  |Switzerland |,  |Canada |,  |UK |,  |New Zealand |,  |Ukraine |,  |USA ","Aliaga |(Turkey)|, Jurong Island |(Singapore)|, Ningbo |(PRC)|, Novorossiysk |(russia)|, Zhoushan |(PRC)|, Ust-Luga |(russia)|, Primorsk |(russia)|, Kochin |(India)|, Jamnagar- Sikka |(India)"
9171503,VIGOROUS TRADING LIMITED,20260519,IRAN-EO13902,0,,,,,,,,,
9278698,DAKUSH,20260519,IRAN-EO13902,1,Mekong Lines Inc (6337174 / Marshall Islands / 18.10.2024),Mekong Lines Inc (6337174 / Marshall Islands / 18.10.2024),Hag Shipping DMCC (6448054 / United Arab Emirates / 18.10.2024),Caribbean Spirit / Caribbean Star,Panama,2004,Shin Kurushima,Sanctions |USA ,"Dakar |(Senegal)|, Khor Al Zubair |(Iraq)|, Lagos |(Nigeria)|, Las Palmas |(Spain)|, Mersin |(Turkey)|, Novorossiysk |(russia)|, Paranagua |(Brazil)|, Tuapse |(russia)|, Abidjan |(Ivory Coast)|, Ust-Luga |(russia)|, TamanNefteGaz CJSC |(russia)|, Al Basra Oil Terminal |(Iraq)|, Primorsk |(russia)|, Fujairah |(UAE)|, Lome |(Togo)|, Altinova- Shipyard |(Turkey)|, Benghazi |(Libya)|, Sohar |(Oman)|, Aden |(People's Democratic Republic of Yemen)|, Hodeidah |(People's Democratic Republic of Yemen)|, Khalifa |(UAE)|, Al Hamriyah |(UAE)|, Jebel Ali |(UAE)|, Doraleh |(Djibouti)"
8917807,DOUBLE IN,20260519,IRAN-EO13902,0,,,,,,,,,
9322279,FEADSHIP,20260519,IRAN-EO13902,0,,,,,,,,,
9131096,FEADSHIP,20260519,IRAN-EO13902,0,,,,,,,,,
9126015,GALA ROSE,20260519,IRAN-EO13902,0,,,,,,,,,
9240419,GAS ENDURANCE,20260519,IRAN-EO13902,0,,,,,,,,,
9172636,GAS STRENGTH,20260519,IRAN-EO13902,0,,,,,,,,,
9177583,GREAT SAIL,20260519,IRAN-EO13902,0,,,,,,,,,
9292187,LUNA LUSTER,20260519,IRAN-EO13902,1,Global Fortune Shipping Ltd (0178209 / Great Britain / 29.05.2025),Silver Star Ship Management Ltd (0127084 / Marshall Islands / 29.05.2025),Silver Star Ship Management Ltd (0127084 / Marshall Islands / 30.05.2025),Seaking / Gold Pearl,Bahamas|/ |Vietnam|/ |Sierra Leone,2005,Hyundai Heavy Industries Co. Ltd.,"Sanctions |EU |,  |USA |,  |Switzerland ","Lanshan |(PRC)|, Ras Sudr |(Egypt)|, Port Said |(Egypt)|, Tanjong Pagar |(Singapore)|, Qianwan |(PRC)|, Bedi Bunder |(India)|, Tanjung pengelih |(Malaysia)|, Telok Ramunia |(Malaysia)|, Cochin |(India)|, Changxindao |(PRC)|, Daxie |(PRC)|, Jamnagar Terminal |(India)"
9266841,MIDAS,20260519,IRAN-EO13902,0,,,,,,,,,
9206396,MIGHTY NAVIGATOR,20260519,IRAN-EO13902,0,,,,,,,,,
9408358,NARSIS,20260519,IRAN-EO13902,0,,,,,,,,,
9194969,OCEAN RADIANCE,20260519,IRAN-EO13902,0,,,,,,,,,
9387152,OCEAN WAVE,20260519,IRAN-EO13902,0,,,,,,,,,
9225342,QUANTUM STAR,20260519,IRAN-EO13902,0,,,,,,,,,
9246803,SWIFT FALCON,20260519,IRAN-EO13902,0,,,,,,,,,
9326067,TEJAS,20260519,IRAN-EO13902,0,,,,,,,,,
8813116,GAS NORA,20260528,IRAN-EO13846,0,,,,,,,,,
9180164,HAUNCAYO,20260528,IRAN-EO13846,0,,,,,,,,,
9294305,ILL GAP,20260528,IRAN-EO13846,0,,,,,,,,,
9133082,MAYMEI,20260528,IRAN-EO13846,0,,,,,,,,,
9286073,RCELEBRA,20260528,IRAN-EO13846,1,Capital Flat Intl Trading (0223917 / Marshall Islands / 25.07.2025),Agility Shipping Ltd (0113465 / Hong Kong / 25.07.2025),Agility Shipping Ltd (0113465 / Hong Kong / 15.08.2025),Adventure / Caroline / Rolin / T Cereal,Malta|/ |Greece|/ |Vietnam|/ |Hong Kong,2005,Samsung Shipbuilding & Heavy Industries Co. Ltd.,"Sanctions |EU |,  |Switzerland |,  |USA |,  |Canada ","Khor Fakkan |(UAE)|, Yosu |(Republic of Korea)|, Dongjiakou |(PRC)|, Khor al Fakkan |(UAE)|, Tanjong Pagar |(Singapore)|, Qianwan |(PRC)|, Lome |(Togo)|, Tanjung pengelih |(Malaysia)|, Lamma Island |(PRC)|, Paradip offshore |(India)|, Rayong |(Thailand)|, Qingdao |(PRC)|, Pasir Gudang, Johor |(Malaysia)|, Yantai |(PRC)|, Pengerang |(Malaysia)|, Caracas Baai |(Curaçao)|, Sungai Linggi |(Malaysia)|, Dagang |(PRC)"
9298284,THEA,20260528,IRAN-EO13846,0,,,,,,,,,
9167409,SHANGHAI QIANYE ENERGY CO.,20260605,IRAN-EO13902,0,,,,,,,,,
9386304,GAS LAGOON,20260605,IRAN-EO13902,0,,,,,,,,,
9131539,GAZ GMS,20260605,IRAN-EO13902,0,,,,,,,,,
9139945,GLENDALE,20260605,IRAN-EO13902,0,,,,,,,,,
9158240,MD 23,20260605,IRAN-EO13902,0,,,,,,,,,
8910897,COMANDO VERMELHO,20260605,SDGT,0,,,,,,,,,
8832083,ARKANOOR 3,20260714,IRAN-EO13902,0,,,,,,,,,
9192442,CICCIO,20260714,IRAN-EO13902,0,,,,,,,,,
9506693,DARIKA,20260714,IRAN-EO13902,0,,,,,,,,,
9606015,ELPINIKI,20260714,IRAN-EO13902,0,,,,,,,,,
8721454,ERIKA,20260714,IRAN-EO13902,0,,,,,,,,,
9509097,GEMMA,20260714,IRAN-EO13902,0,,,,,,,,,
9514339,HOPE 1,20260714,IRAN-EO13902,0,,,,,,,,,
9418999,JADE,20260714,IRAN-EO13902,0,,,,,,,,,
9122461,NADIA,20260714,IRAN-EO13902,0,,,,,,,,,
9467158,OPAL,20260714,IRAN-EO13902,0,,,,,,,,,
9134232,PAYA LEBAR,20260714,IRAN-EO13902,0,,,,,,,,,
8858099,SEA ANCHOR General Cargo Unknown flag; Former Vessel Flag Palau; Vessel Year of ,20260714,IRAN-EO13902,0,,,,,,,,,
8891572,SEA CASTLE General Cargo Unknown flag; Former Vessel Flag Palau; Vessel Year of ,20260714,IRAN-EO13902,0,,,,,,,,,
8729963,SEA CRUISER General Cargo Unknown flag; Former Vessel Flag Palau; Vessel Year of,20260714,IRAN-EO13902,0,,,,,,,,,
8843666,SEA GALLEON General Cargo Unknown flag; Former Vessel Flag Palau; Vessel Year of,20260714,IRAN-EO13902,0,,,,,,,,,
9110535,SEPEHR PAYAM,20260714,IRAN-EO13902,0,,,,,,,,,
9146314,SHENTON WAY,20260714,IRAN-EO13902,0,,,,,,,,,
9404508,TANJONG PAGAR 1,20260714,IRAN-EO13902,0,,,,,,,,,
0024761,VAST MIGHTY LIMITED,20260729,IRAN-EO13902,0,,,,,,,,,
9259355,BREEZE V,20260729,IRAN-EO13902,0,,,,,,,,,
9223887,CRYSTAL,20260729,IRAN-EO13902,0,,,,,,,,,
9294331,LILY,20260729,IRAN-EO13902,1,Confident Apex Ltd (0123299 / Hong Kong / 03.01.2025),Confident Apex Ltd (0123299 / Hong Kong / 03.01.2025),Qilin Shipping Ltd (0115532 / Hong Kong / 03.01.2025),Altair Trader / Phoebe / Dangla / Daban / Lily,Isle of Man|/ |Panama,2005,Mitsui Ichihara Engineering & Shipbuilding,"Sanctions |EU |,  |Switzerland |,  |UK |,  |Ukraine |,  |Canada |,  |USA ","Al Basrah |(Iraq)|, Jebel Dhanna/Ruwais |(UAE)|, Ju'aymah Crude and LPG Terminals (SPM) |(Saudi Arabia)|, Lanshan |(PRC)|, Ningbo |(PRC)|, Ras Tanura |(Saudi Arabia)|, Yingkou |(PRC)|, Mumbai |(India)|, Dongjiakou |(PRC)|, Fujairah |(UAE)|, Cochin |(India)|, Duqm |(Oman)|, Vadinar |(India)|, Paradip offshore |(India)|, Jamnagar- Sikka |(India)|, Qingdao |(PRC)"
9331244,NATSUMI,20260729,IRAN-EO13902,0,,,,,,,,,
9237785,NIRETA,20260729,IRAN-EO13902,0,,,,,,,,,
9321938,WELL SAIL,20260729,IRAN-EO13902,0,,,,,,,,,
9139696,WELLBRED TRADING SA,20260824,IRAN-EO13902,0,,,,,,,,,
9233650,QUANTUM HOPE,20260824,IRAN-EO13902,0,,,,,,,,,
9185346,SIFRA LPG Tanker Botswana False flag; Former Vessel Flag Comoros; Vessel Year of,20260824,IRAN-EO13902,0,,,,,,,,,
9389019,STAR PIONE,20260824,IRAN-EO13846,0,,,,,,,,,
9189110,TELA,20260824,IRAN-EO13902,0,,,,,,,,,
9286138,ABDOLLAHI,20260824,IRAN-CON-ARMS-EO,0,,,,,,,,,
9174660,LA PEARL,20261005,SDGT,0,,,,,,,,,
